client_id,revenue,segment
12346,77183.6,HighValue
12347,4310.0,HighValue
12348,1797.24,HighValue
12349,1757.55,HighValue
12350,334.4,LowValue
12352,2506.04,HighValue
12353,89.0,LowValue
12354,1079.4,LowValue
12355,459.4,LowValue
12356,2811.43,HighValue
12357,6207.67,HighValue
12358,1168.06,LowValue
12359,6372.58,HighValue
12360,2662.06,HighValue
12361,189.9,LowValue
12362,5226.23,HighValue
12363,552.0,LowValue
12364,1313.1,LowValue
12365,641.38,LowValue
12367,168.9,LowValue
12370,3545.69,HighValue
12371,1887.96,HighValue
12372,1298.04,LowValue
12373,364.6,LowValue
12374,742.9300000000001,LowValue
12375,457.5,LowValue
12377,1628.12,LowValue
12378,4008.62,HighValue
12379,852.24,LowValue
12380,2724.81,HighValue
12381,1845.31,HighValue
12383,1850.56,HighValue
12384,585.27,LowValue
12386,401.9,LowValue
12388,2780.66,HighValue
12390,549.84,LowValue
12391,460.89,LowValue
12393,1582.6000000000001,LowValue
12394,1272.48,LowValue
12395,3018.63,HighValue
12397,2409.9,HighValue
12398,1635.6599999999999,LowValue
12399,1108.65,LowValue
12401,84.3,LowValue
12402,225.6,LowValue
12403,427.7,LowValue
12405,1710.39,HighValue
12406,3415.3,HighValue
12407,1708.1200000000001,HighValue
12408,2888.55,HighValue
12409,11072.67,HighValue
12410,693.3299999999999,LowValue
12412,1226.88,LowValue
12413,758.1,LowValue
12414,562.41,LowValue
12415,124914.53,HighValue
12417,3649.1,HighValue
12418,668.58,LowValue
12420,600.39,LowValue
12421,807.04,LowValue
12422,803.5600000000001,LowValue
12423,1859.31,HighValue
12424,1760.96,HighValue
12425,777.2,LowValue
12426,582.73,LowValue
12427,825.8,LowValue
12428,7956.46,HighValue
12429,3750.4,HighValue
12430,256.4,LowValue
12431,6487.45,HighValue
12432,5059.32,HighValue
12433,13375.87,HighValue
12434,806.14,LowValue
12435,7829.89,HighValue
12436,509.01,LowValue
12437,4951.41,HighValue
12438,2906.85,HighValue
12441,173.55,LowValue
12442,172.06,LowValue
12444,5005.46,HighValue
12445,133.4,LowValue
12446,1002.3100000000001,LowValue
12447,476.49,LowValue
12448,449.45,LowValue
12449,4067.29,HighValue
12450,197.88,LowValue
12451,9035.52,HighValue
12452,430.57,LowValue
12453,707.09,LowValue
12454,3528.34,HighValue
12455,2466.86,HighValue
12456,3181.04,HighValue
12457,2363.23,HighValue
12458,947.4,LowValue
12461,826.88,LowValue
12462,1189.59,LowValue
12463,1344.78,LowValue
12464,1212.05,LowValue
12465,742.1899999999999,LowValue
12468,729.5400000000001,LowValue
12471,19824.05,HighValue
12472,6572.11,HighValue
12473,3938.5499999999997,HighValue
12474,7375.79,HighValue
12475,723.38,LowValue
12476,6816.42,HighValue
12477,13219.74,HighValue
12478,680.99,LowValue
12479,527.2,LowValue
12480,3281.63,HighValue
12481,5596.32,HighValue
12483,2484.98,HighValue
12484,4541.72,HighValue
12488,1298.66,LowValue
12489,334.93,LowValue
12490,5417.93,HighValue
12491,460.40000000000003,LowValue
12492,263.21000000000004,LowValue
12493,433.74,LowValue
12494,1246.1000000000001,LowValue
12497,1043.1,LowValue
12498,403.70000000000005,LowValue
12500,4257.82,HighValue
12501,2169.39,HighValue
12502,3723.87,HighValue
12504,482.04999999999995,LowValue
12506,73.5,LowValue
12507,1304.81,LowValue
12508,398.27,LowValue
12509,176.5,LowValue
12510,982.5699999999999,LowValue
12512,138.03,LowValue
12513,612.29,LowValue
12514,1017.68,LowValue
12515,383.7,LowValue
12516,1312.06,LowValue
12517,2502.84,HighValue
12518,2056.89,HighValue
12519,340.84,LowValue
12520,2634.26,HighValue
12521,599.68,LowValue
12522,192.72,LowValue
12523,1789.77,HighValue
12524,4485.72,HighValue
12526,1316.66,LowValue
12527,348.71000000000004,LowValue
12528,1933.48,HighValue
12530,1662.28,HighValue
12531,125.22,LowValue
12532,349.83000000000004,LowValue
12534,1089.18,LowValue
12535,716.35,LowValue
12536,12601.830000000002,HighValue
12538,363.95,LowValue
12539,5568.35,HighValue
12540,13400.24,HighValue
12541,981.18,LowValue
12544,372.7,LowValue
12545,1000.39,LowValue
12546,1161.5,LowValue
12547,207.79999999999998,LowValue
12548,95.19999999999999,LowValue
12550,964.83,LowValue
12551,168.0,LowValue
12552,437.82,LowValue
12553,3692.28,HighValue
12556,603.71,LowValue
12557,11990.960000000001,HighValue
12558,269.96,LowValue
12559,561.71,LowValue
12560,2134.01,HighValue
12561,238.85,LowValue
12562,3781.7400000000002,HighValue
12564,456.9,LowValue
12565,145.92,LowValue
12566,351.65,LowValue
12567,9401.28,HighValue
12569,4124.69,HighValue
12571,519.61,LowValue
12572,1020.42,LowValue
12573,160.54000000000002,LowValue
12574,218.45,LowValue
12576,1315.83,LowValue
12577,657.8,LowValue
12578,2794.51,HighValue
12579,440.42,LowValue
12580,415.7,LowValue
12581,197.71,LowValue
12582,511.36,LowValue
12583,7281.38,HighValue
12584,2338.15,HighValue
12585,2040.1,HighValue
12586,196.94000000000003,LowValue
12587,144.0,LowValue
12588,214.89999999999998,LowValue
12589,646.68,LowValue
12590,9864.26,HighValue
12591,452.84999999999997,LowValue
12592,437.6,LowValue
12593,418.09999999999997,LowValue
12594,3338.2200000000003,HighValue
12596,618.27,LowValue
12597,3811.22,HighValue
12598,3023.08,HighValue
12599,1032.58,LowValue
12600,2599.04,HighValue
12601,577.0600000000001,LowValue
12602,153.12,LowValue
12603,739.1999999999999,LowValue
12604,254.18,LowValue
12607,1579.51,LowValue
12609,1126.85,LowValue
12610,2099.54,HighValue
12611,1193.32,LowValue
12612,704.0400000000001,LowValue
12613,3344.38,HighValue
12614,315.6,LowValue
12615,2291.19,HighValue
12616,713.3,LowValue
12617,355.53,LowValue
12618,177.31,LowValue
12619,3641.24,HighValue
12620,1339.41,LowValue
12621,13689.67,HighValue
12622,180.1,LowValue
12623,305.1,LowValue
12624,641.13,LowValue
12625,2683.82,HighValue
12626,6620.48,HighValue
12627,4478.53,HighValue
12628,786.46,LowValue
12630,1270.88,LowValue
12631,640.5,LowValue
12633,2163.98,HighValue
12635,1689.18,HighValue
12637,6021.9,HighValue
12638,671.69,LowValue
12639,486.1,LowValue
12640,1174.58,LowValue
12641,185.9,LowValue
12642,1013.26,LowValue
12643,3344.64,HighValue
12644,477.91,LowValue
12645,1775.18,HighValue
12646,1346.97,LowValue
12647,3722.82,HighValue
12648,318.05,LowValue
12649,623.51,LowValue
12650,314.44,LowValue
12651,114.0,LowValue
12652,919.98,LowValue
12653,2209.85,HighValue
12654,601.98,LowValue
12656,4051.17,HighValue
12657,1643.18,LowValue
12658,686.05,LowValue
12659,91.68,LowValue
12660,245.1,LowValue
12662,3849.78,HighValue
12664,4881.88,HighValue
12665,63.0,LowValue
12667,620.13,LowValue
12668,3807.15,HighValue
12669,2744.0299999999997,HighValue
12670,2996.05,HighValue
12672,225.89999999999998,LowValue
12673,610.52,LowValue
12674,1970.6,HighValue
12676,1331.39,LowValue
12678,17628.46,HighValue
12679,1113.02,LowValue
12680,862.81,LowValue
12681,13787.54,HighValue
12682,12288.22,HighValue
12683,8476.57,HighValue
12684,2283.63,HighValue
12685,2863.08,HighValue
12686,89.14,LowValue
12688,4873.8099999999995,HighValue
12689,1247.61,LowValue
12690,389.01,LowValue
12691,1035.8,LowValue
12693,855.91,LowValue
12694,869.67,LowValue
12695,582.1,LowValue
12697,957.59,LowValue
12700,4939.99,HighValue
12701,797.71,LowValue
12702,219.0,LowValue
12703,283.55,LowValue
12704,2340.84,HighValue
12705,6868.29,HighValue
12707,603.42,LowValue
12708,2712.91,HighValue
12709,9736.52,HighValue
12710,1149.02,LowValue
12712,4396.13,HighValue
12713,848.55,LowValue
12714,4708.86,HighValue
12715,353.86,LowValue
12716,1053.49,LowValue
12717,1030.98,LowValue
12718,238.25,LowValue
12719,644.95,LowValue
12720,5781.73,HighValue
12721,2656.13,HighValue
12722,997.63,LowValue
12723,725.07,LowValue
12724,1031.41,LowValue
12725,427.8,LowValue
12726,2609.1,HighValue
12727,3980.7,HighValue
12728,836.33,LowValue
12729,453.01,LowValue
12731,18895.91,HighValue
12732,236.26000000000002,LowValue
12733,383.95,LowValue
12734,110.39999999999999,LowValue
12735,779.5699999999999,LowValue
12736,234.0,LowValue
12738,155.35,LowValue
12739,1013.04,LowValue
12740,427.6,LowValue
12743,546.43,LowValue
12744,21279.29,HighValue
12747,4196.01,HighValue
12748,33719.73,HighValue
12749,4090.88,HighValue
12750,275.88,LowValue
12752,4366.78,HighValue
12753,21429.39,HighValue
12754,3010.74,HighValue
12755,3811.95,HighValue
12756,112.07999999999998,LowValue
12757,7857.1,HighValue
12758,2791.59,HighValue
12759,1531.44,LowValue
12762,1898.52,HighValue
12763,494.08,LowValue
12764,1693.88,HighValue
12766,6989.63,HighValue
12769,1143.6,LowValue
12770,1351.45,LowValue
12772,892.47,LowValue
12775,1386.04,LowValue
12778,822.23,LowValue
12779,3981.36,HighValue
12781,826.74,LowValue
12782,2330.92,HighValue
12783,2225.91,HighValue
12784,574.42,LowValue
12785,311.95,LowValue
12787,463.66,LowValue
12789,91.85,LowValue
12790,324.92,LowValue
12791,192.60000000000002,LowValue
12792,400.53999999999996,LowValue
12793,545.48,LowValue
12794,860.41,LowValue
12795,430.48,LowValue
12797,254.03,LowValue
12798,6977.04,HighValue
12802,427.58,LowValue
12808,483.65000000000003,LowValue
12809,489.31,LowValue
12811,514.85,LowValue
12812,229.64000000000001,LowValue
12814,125.92,LowValue
12815,1063.46,LowValue
12816,572.2,LowValue
12817,166.04,LowValue
12818,1542.08,LowValue
12820,942.34,LowValue
12821,92.72,LowValue
12822,948.88,LowValue
12823,1759.5,HighValue
12824,397.12,LowValue
12826,1474.72,LowValue
12827,430.15000000000003,LowValue
12828,1018.71,LowValue
12829,293.0,LowValue
12830,6814.64,HighValue
12831,215.05,LowValue
12832,383.03,LowValue
12833,417.38,LowValue
12834,312.38,LowValue
12836,2612.86,HighValue
12837,134.1,LowValue
12838,683.13,LowValue
12839,5591.42,HighValue
12840,2726.77,HighValue
12841,4022.35,HighValue
12842,1118.99,LowValue
12843,1702.26,HighValue
12844,325.96000000000004,LowValue
12845,354.09,LowValue
12847,871.54,LowValue
12849,1050.8899999999999,LowValue
12851,135.18,LowValue
12852,311.55,LowValue
12853,1957.1000000000001,HighValue
12854,1324.5,LowValue
12855,38.1,LowValue
12856,2179.93,HighValue
12857,1106.4,LowValue
12863,521.2,LowValue
12864,147.12,LowValue
12865,1568.23,LowValue
12866,559.12,LowValue
12867,4036.82,HighValue
12868,1607.0600000000002,LowValue
12871,380.64,LowValue
12872,599.97,LowValue
12873,374.0,LowValue
12875,343.2300000000001,LowValue
12876,2218.02,HighValue
12877,1535.77,LowValue
12878,854.99,LowValue
12879,573.22,LowValue
12881,298.0,LowValue
12882,1463.04,LowValue
12883,703.47,LowValue
12884,309.05,LowValue
12885,1175.22,LowValue
12886,1378.4,LowValue
12888,354.12,LowValue
12890,380.46999999999997,LowValue
12891,331.0,LowValue
12893,188.14,LowValue
12895,372.8,LowValue
12897,216.5,LowValue
12901,17654.54,HighValue
12902,138.68,LowValue
12904,509.58,LowValue
12906,2919.81,HighValue
12908,750.0,LowValue
12909,2178.67,HighValue
12910,3075.04,HighValue
12912,1662.3,HighValue
12913,2483.63,HighValue
12915,363.65,LowValue
12916,3006.15,HighValue
12917,594.0,LowValue
12919,1335.19,LowValue
12920,164.23,LowValue
12921,16587.09,HighValue
12922,405.38,LowValue
12923,176.97,LowValue
12924,933.7,LowValue
12925,694.05,LowValue
12928,2062.7000000000003,HighValue
12929,117.85,LowValue
12930,415.8,LowValue
12931,42055.96,HighValue
12933,607.53,LowValue
12935,2160.7,HighValue
12936,1063.9,LowValue
12937,1504.27,LowValue
12938,114.14,LowValue
12939,11581.8,HighValue
12940,913.54,LowValue
12942,683.9,LowValue
12944,604.51,LowValue
12945,462.95,LowValue
12947,1603.99,LowValue
12948,2064.95,HighValue
12949,4167.22,HighValue
12950,1843.0,HighValue
12951,1064.07,LowValue
12952,1387.79,LowValue
12953,329.85,LowValue
12955,4757.16,HighValue
12956,108.07,LowValue
12957,4017.54,HighValue
12962,266.39,LowValue
12963,1856.63,HighValue
12965,771.91,LowValue
12966,160.18,LowValue
12967,1660.9,LowValue
12968,135.95,LowValue
12970,452.24,LowValue
12971,11189.91,HighValue
12974,144.8,LowValue
12976,738.6,LowValue
12977,39.239999999999995,LowValue
12980,7374.900000000001,HighValue
12981,372.21999999999997,LowValue
12982,390.54,LowValue
12984,97.5,LowValue
12985,1239.38,LowValue
12987,558.7,LowValue
12988,535.32,LowValue
12989,6924.110000000001,HighValue
12990,409.5,LowValue
12991,503.76,LowValue
12993,414.76,LowValue
12994,974.4200000000001,LowValue
12995,211.32,LowValue
12997,1226.89,LowValue
12999,455.88,LowValue
13000,534.85,LowValue
13001,9818.82,HighValue
13002,120.94999999999999,LowValue
13003,149.05,LowValue
13004,5655.91,HighValue
13005,513.7,LowValue
13006,81.57,LowValue
13008,229.46999999999997,LowValue
13011,50.550000000000004,LowValue
13012,1661.8400000000001,HighValue
13013,4810.9400000000005,HighValue
13014,3466.2799999999997,HighValue
13015,3346.28,HighValue
13016,789.89,LowValue
13017,204.0,LowValue
13018,7277.7,HighValue
13021,2616.38,HighValue
13023,689.9,LowValue
13026,975.36,LowValue
13027,6912.0,HighValue
13028,661.3199999999999,LowValue
13029,1247.5,LowValue
13030,799.48,LowValue
13032,1010.18,LowValue
13033,190.55,LowValue
13034,642.77,LowValue
13035,921.88,LowValue
13037,881.07,LowValue
13038,908.46,LowValue
13040,676.99,LowValue
13043,516.42,LowValue
13044,560.47,LowValue
13045,305.28000000000003,LowValue
13046,629.31,LowValue
13047,3237.54,HighValue
13048,1835.91,HighValue
13049,656.6800000000001,LowValue
13050,5836.86,HighValue
13052,348.15000000000003,LowValue
13055,1214.41,LowValue
13058,271.40000000000003,LowValue
13059,183.4,LowValue
13060,307.53,LowValue
13061,248.61,LowValue
13062,346.98,LowValue
13064,1119.49,LowValue
13065,205.86,LowValue
13066,470.8,LowValue
13067,115.46000000000001,LowValue
13068,344.0,LowValue
13069,4436.12,HighValue
13070,228.8,LowValue
13072,177.15,LowValue
13075,919.61,LowValue
13077,729.27,LowValue
13078,12627.94,HighValue
13079,220.10000000000002,LowValue
13080,58.08,LowValue
13081,28337.38,HighValue
13082,3613.63,HighValue
13083,303.75,LowValue
13085,416.08000000000004,LowValue
13089,58825.83,HighValue
13090,8910.82,HighValue
13091,345.82,LowValue
13092,477.83,LowValue
13093,7832.47,HighValue
13094,1927.3200000000002,HighValue
13095,74.39999999999999,LowValue
13097,6010.42,HighValue
13098,28882.44,HighValue
13099,207.35999999999999,LowValue
13101,101.19,LowValue
13102,6424.09,HighValue
13103,243.94,LowValue
13104,1098.48,LowValue
13106,76.5,LowValue
13107,1531.6200000000001,LowValue
13108,350.06,LowValue
13109,786.54,LowValue
13110,1488.67,LowValue
13113,12245.960000000001,HighValue
13115,2294.78,HighValue
13116,501.14,LowValue
13117,984.91,LowValue
13118,1197.81,LowValue
13120,30.599999999999998,LowValue
13121,283.73,LowValue
13122,922.39,LowValue
13124,3866.33,HighValue
13126,2099.64,HighValue
13127,259.17,LowValue
13130,64.0,LowValue
13131,1073.3,LowValue
13132,77.3,LowValue
13133,109.8,LowValue
13134,1793.58,HighValue
13135,3096.0,HighValue
13136,2607.61,HighValue
13137,3650.41,HighValue
13138,962.39,LowValue
13139,5064.94,HighValue
13140,423.72,LowValue
13141,2388.75,HighValue
13142,307.09,LowValue
13144,110.95,LowValue
13145,618.52,LowValue
13146,228.91,LowValue
13147,712.8000000000001,LowValue
13148,3707.12,HighValue
13149,1676.06,HighValue
13151,1257.8700000000001,LowValue
13153,486.22,LowValue
13155,971.76,LowValue
13157,1741.22,HighValue
13158,1201.06,LowValue
13159,1437.85,LowValue
13160,91.8,LowValue
13161,112.75,LowValue
13162,1688.29,HighValue
13165,1021.48,LowValue
13166,417.2,LowValue
13167,791.33,LowValue
13168,1319.19,LowValue
13169,712.88,LowValue
13170,116.00999999999999,LowValue
13171,468.41,LowValue
13173,353.65,LowValue
13174,2817.03,HighValue
13176,492.84,LowValue
13177,282.45,LowValue
13178,5725.47,HighValue
13182,121.18,LowValue
13183,3957.78,HighValue
13184,1701.29,HighValue
13185,71.4,LowValue
13186,1575.89,LowValue
13187,236.02,LowValue
13188,114.60000000000001,LowValue
13189,260.68,LowValue
13192,911.94,LowValue
13193,117.88,LowValue
13194,60.7,LowValue
13196,1797.78,HighValue
13198,3401.2400000000002,HighValue
13199,9817.12,HighValue
13200,870.09,LowValue
13203,869.46,LowValue
13207,250.26000000000002,LowValue
13208,1223.9,LowValue
13209,5891.61,HighValue
13210,353.48,LowValue
13211,1197.42,LowValue
13212,788.08,LowValue
13213,1520.58,LowValue
13216,333.74,LowValue
13217,533.98,LowValue
13218,62.63999999999999,LowValue
13220,819.2900000000001,LowValue
13221,847.41,LowValue
13223,163.20000000000002,LowValue
13224,2155.95,HighValue
13225,6463.84,HighValue
13226,108.21000000000001,LowValue
13227,257.7,LowValue
13228,358.0,LowValue
13229,160.95,LowValue
13230,2806.97,HighValue
13232,1357.6,LowValue
13233,605.12,LowValue
13235,1031.07,LowValue
13236,744.85,LowValue
13238,700.73,LowValue
13239,329.56,LowValue
13240,663.65,LowValue
13242,270.40000000000003,LowValue
13243,600.07,LowValue
13244,121.74000000000001,LowValue
13245,430.5,LowValue
13246,1987.3,HighValue
13247,501.12,LowValue
13248,465.68,LowValue
13249,711.41,LowValue
13253,1030.4,LowValue
13255,399.51,LowValue
13258,698.58,LowValue
13259,292.32,LowValue
13260,557.62,LowValue
13261,944.1,LowValue
13262,200.29,LowValue
13263,7454.07,HighValue
13265,2107.66,HighValue
13266,3834.2599999999998,HighValue
13267,4521.49,HighValue
13268,3214.69,HighValue
13269,5346.2300000000005,HighValue
13270,590.0,LowValue
13271,217.38,LowValue
13272,276.56,LowValue
13273,138.98,LowValue
13276,590.9300000000001,LowValue
13277,258.4,LowValue
13278,542.73,LowValue
13279,137.75,LowValue
13280,814.86,LowValue
13282,1132.14,LowValue
13283,93.66,LowValue
13284,201.19,LowValue
13285,2709.12,HighValue
13291,361.11,LowValue
13292,578.9399999999999,LowValue
13294,873.74,LowValue
13295,201.20000000000002,LowValue
13296,87.4,LowValue
13297,2089.85,HighValue
13298,360.0,LowValue
13299,142.5,LowValue
13300,371.89,LowValue
13301,618.09,LowValue
13302,63.75,LowValue
13304,300.42,LowValue
13305,2000.86,HighValue
13307,15.0,LowValue
13308,1385.51,LowValue
13309,1456.79,LowValue
13310,1132.03,LowValue
13311,598.57,LowValue
13313,1555.32,LowValue
13314,775.94,LowValue
13316,5977.7300000000005,HighValue
13317,2273.68,HighValue
13318,640.76,LowValue
13319,10845.550000000001,HighValue
13320,1548.7,LowValue
13321,567.36,LowValue
13322,199.48000000000002,LowValue
13323,787.85,LowValue
13324,7121.95,HighValue
13325,675.3,LowValue
13327,3627.77,HighValue
13328,1308.48,LowValue
13329,789.0,LowValue
13330,1140.93,LowValue
13332,350.9,LowValue
13334,3536.82,HighValue
13336,795.12,LowValue
13338,487.02,LowValue
13339,860.12,LowValue
13340,10736.48,HighValue
13341,775.85,LowValue
13343,353.43,LowValue
13344,2543.72,HighValue
13345,389.5,LowValue
13347,341.36,LowValue
13348,233.76,LowValue
13349,247.32,LowValue
13350,979.12,LowValue
13351,373.94,LowValue
13352,397.97999999999996,LowValue
13354,743.53,LowValue
13355,674.7,LowValue
13356,768.24,LowValue
13357,609.95,LowValue
13358,439.03,LowValue
13359,439.56,LowValue
13362,3090.7400000000002,HighValue
13363,992.5,LowValue
13364,134.95999999999998,LowValue
13365,2225.37,HighValue
13366,56.160000000000004,LowValue
13368,623.4,LowValue
13369,308.28000000000003,LowValue
13370,754.87,LowValue
13372,378.64,LowValue
13373,3312.25,HighValue
13375,778.65,LowValue
13376,1019.76,LowValue
13379,572.56,LowValue
13381,3639.31,HighValue
13382,222.99,LowValue
13384,4151.93,HighValue
13385,534.57,LowValue
13388,677.1,LowValue
13389,797.96,LowValue
13390,544.08,LowValue
13391,59.8,LowValue
13394,2520.02,HighValue
13395,307.72,LowValue
13396,1360.99,LowValue
13397,1544.13,LowValue
13398,457.34,LowValue
13402,621.23,LowValue
13403,75.0,LowValue
13404,252.49,LowValue
13405,572.451,LowValue
13408,28117.04,HighValue
13410,1003.06,LowValue
13411,213.55,LowValue
13414,1390.5,LowValue
13416,712.5,LowValue
13417,640.83,LowValue
13418,6127.43,HighValue
13419,221.06,LowValue
13420,159.85,LowValue
13421,1851.08,HighValue
13422,2626.3,HighValue
13425,1624.21,LowValue
13426,3641.32,HighValue
13427,582.6,LowValue
13428,218.47,LowValue
13429,1006.8,LowValue
13430,679.45,LowValue
13431,1269.1,LowValue
13434,534.24,LowValue
13435,3809.8900000000003,HighValue
13436,196.89,LowValue
13437,3408.06,HighValue
13439,283.71,LowValue
13441,296.64,LowValue
13447,1129.14,LowValue
13448,3539.37,HighValue
13449,291.88,LowValue
13450,2043.7199999999998,HighValue
13451,2976.15,HighValue
13452,590.0,LowValue
13453,356.97999999999996,LowValue
13455,1058.34,LowValue
13456,1766.72,HighValue
13458,9646.57,HighValue
13460,183.44,LowValue
13461,1445.0,LowValue
13462,151.5,LowValue
13464,674.68,LowValue
13466,307.9,LowValue
13467,1083.71,LowValue
13468,5704.97,HighValue
13470,165.0,LowValue
13471,2531.58,HighValue
13473,422.64,LowValue
13474,229.59,LowValue
13475,1431.78,LowValue
13476,1238.47,LowValue
13477,1454.58,LowValue
13479,300.95,LowValue
13481,1804.56,HighValue
13482,184.64,LowValue
13483,140.34,LowValue
13484,313.8,LowValue
13485,454.24,LowValue
13486,1122.41,LowValue
13487,575.4,LowValue
13488,8968.31,HighValue
13489,449.52,LowValue
13491,1215.82,LowValue
13492,1269.84,LowValue
13493,618.63,LowValue
13494,316.26000000000005,LowValue
13495,2044.8700000000001,HighValue
13496,653.33,LowValue
13497,348.05,LowValue
13499,1159.11,LowValue
13500,1166.77,LowValue
13501,1340.32,LowValue
13502,292.0,LowValue
13503,216.85,LowValue
13504,295.93,LowValue
13505,4393.63,HighValue
13506,458.52,LowValue
13507,2479.16,HighValue
13508,110.97,LowValue
13509,979.72,LowValue
13510,1791.56,HighValue
13512,251.21,LowValue
13513,205.1,LowValue
13514,152.20000000000002,LowValue
13515,891.12,LowValue
13516,1389.41,LowValue
13517,2128.42,HighValue
13518,659.4399999999999,LowValue
13519,122.75,LowValue
13520,3624.35,HighValue
13521,1093.65,LowValue
13522,125.80000000000001,LowValue
13523,3964.88,HighValue
13524,680.1800000000001,LowValue
13525,628.78,LowValue
13527,2287.51,HighValue
13529,307.76,LowValue
13531,483.8,LowValue
13532,210.31,LowValue
13533,270.79,LowValue
13534,5870.08,HighValue
13536,3448.29,HighValue
13538,1280.85,LowValue
13539,631.34,LowValue
13544,291.41,LowValue
13546,626.99,LowValue
13548,682.41,LowValue
13549,918.2,LowValue
13551,91.80000000000001,LowValue
13552,3740.07,HighValue
13555,4149.28,HighValue
13557,584.06,LowValue
13558,605.06,LowValue
13560,174.37,LowValue
13561,141.85999999999999,LowValue
13562,1799.33,HighValue
13563,777.53,LowValue
13564,1749.02,HighValue
13565,240.22,LowValue
13566,874.71,LowValue
13568,192.85,LowValue
13569,373.75,LowValue
13570,239.49,LowValue
13571,2092.32,HighValue
13572,1384.25,LowValue
13573,294.4,LowValue
13575,732.0699999999999,LowValue
13576,6717.34,HighValue
13577,1687.6000000000001,HighValue
13579,467.04,LowValue
13581,118.0,LowValue
13583,781.03,LowValue
13584,142.4,LowValue
13587,712.4,LowValue
13588,2478.95,HighValue
13589,379.65,LowValue
13590,1981.92,HighValue
13591,1117.13,LowValue
13592,247.95999999999998,LowValue
13593,2037.0800000000002,HighValue
13594,396.97,LowValue
13596,697.04,LowValue
13598,180.17000000000002,LowValue
13599,5153.67,HighValue
13600,219.52,LowValue
13601,693.32,LowValue
13602,428.89,LowValue
13603,164.34,LowValue
13606,280.53999999999996,LowValue
13607,678.01,LowValue
13610,1131.88,LowValue
13611,1171.8,LowValue
13614,1610.46,LowValue
13615,417.69,LowValue
13617,544.18,LowValue
13618,177.34,LowValue
13621,213.85,LowValue
13623,747.78,LowValue
13626,257.23,LowValue
13627,1638.47,LowValue
13629,7792.36,HighValue
13630,2031.78,HighValue
13631,3070.42,HighValue
13632,2121.27,HighValue
13634,1575.16,LowValue
13635,1071.03,LowValue
13636,949.12,LowValue
13637,810.5,LowValue
13638,122.64,LowValue
13639,1033.34,LowValue
13642,354.8,LowValue
13643,519.44,LowValue
13644,2624.26,HighValue
13645,252.1,LowValue
13647,1678.1200000000001,HighValue
13649,346.6,LowValue
13650,1836.34,HighValue
13651,94.2,LowValue
13652,1095.08,LowValue
13654,2707.33,HighValue
13655,932.97,LowValue
13656,379.65,LowValue
13657,382.14,LowValue
13658,2639.17,HighValue
13659,1573.2,LowValue
13662,897.76,LowValue
13663,189.47,LowValue
13666,84.65,LowValue
13667,305.02,LowValue
13668,6363.59,HighValue
13669,218.55,LowValue
13670,349.7,LowValue
13672,186.39000000000001,LowValue
13673,396.92,LowValue
13675,486.82000000000005,LowValue
13678,232.6,LowValue
13680,3722.42,HighValue
13681,827.83,LowValue
13682,59.5,LowValue
13684,67.23,LowValue
13685,3119.44,HighValue
13686,72.0,LowValue
13689,910.0,LowValue
13690,172.25,LowValue
13692,1488.32,LowValue
13694,65039.62,HighValue
13695,2504.13,HighValue
13697,151.29999999999998,LowValue
13699,308.58000000000004,LowValue
13700,2265.12,HighValue
13703,99.5,LowValue
13704,2308.06,HighValue
13705,711.86,LowValue
13706,330.79,LowValue
13707,806.41,LowValue
13708,296.88,LowValue
13709,6328.05,HighValue
13710,180.48,LowValue
13711,252.06,LowValue
13712,228.84,LowValue
13715,1079.34,LowValue
13716,138.28,LowValue
13717,1445.01,LowValue
13718,306.55,LowValue
13719,1041.68,LowValue
13720,799.9,LowValue
13721,524.14,LowValue
13722,2375.41,HighValue
13723,199.85000000000002,LowValue
13725,1980.56,HighValue
13726,1079.6599999999999,LowValue
13727,333.48,LowValue
13728,1016.14,LowValue
13730,752.6,LowValue
13731,610.59,LowValue
13732,491.86,LowValue
13735,2885.2400000000002,HighValue
13736,731.9,LowValue
13737,339.59999999999997,LowValue
13739,216.9,LowValue
13740,350.75,LowValue
13741,668.4300000000001,LowValue
13742,3131.02,HighValue
13743,1341.6,LowValue
13744,1156.36,LowValue
13745,300.04,LowValue
13747,79.6,LowValue
13748,948.25,LowValue
13750,1647.26,LowValue
13751,296.25,LowValue
13752,1186.28,LowValue
13753,741.26,LowValue
13754,282.59999999999997,LowValue
13755,2161.35,HighValue
13756,5189.52,HighValue
13758,3190.55,HighValue
13759,659.4100000000001,LowValue
13760,286.79,LowValue
13761,1070.65,LowValue
13762,306.72,LowValue
13763,1714.96,HighValue
13764,1521.76,LowValue
13767,17220.36,HighValue
13769,2796.51,HighValue
13771,2634.45,HighValue
13772,1132.13,LowValue
13774,345.0,LowValue
13777,25977.16,HighValue
13778,178.7,LowValue
13780,360.01,LowValue
13781,127.84,LowValue
13782,912.0,LowValue
13784,2462.79,HighValue
13786,230.39999999999998,LowValue
13787,309.04,LowValue
13790,348.8,LowValue
13791,1516.0,LowValue
13792,195.55,LowValue
13798,37153.85,HighValue
13799,688.86,LowValue
13800,558.32,LowValue
13801,324.8,LowValue
13802,4599.42,HighValue
13803,277.07,LowValue
13804,2635.79,HighValue
13805,924.6,LowValue
13806,256.38,LowValue
13807,112.6,LowValue
13808,1747.66,HighValue
13809,155.05,LowValue
13810,1499.01,LowValue
13811,814.5,LowValue
13812,539.0,LowValue
13813,1366.8600000000001,LowValue
13814,1579.12,LowValue
13815,4027.36,HighValue
13816,571.6700000000001,LowValue
13817,382.98,LowValue
13819,1140.35,LowValue
13821,385.64,LowValue
13822,632.0,LowValue
13823,957.66,LowValue
13824,1698.94,HighValue
13826,189.5,LowValue
13827,412.05,LowValue
13828,209.49,LowValue
13831,2202.99,HighValue
13832,52.199999999999996,LowValue
13833,384.8,LowValue
13835,834.57,LowValue
13837,271.24,LowValue
13838,691.73,LowValue
13841,85.0,LowValue
13842,3385.62,HighValue
13844,361.62,LowValue
13845,312.98,LowValue
13846,865.0600000000001,LowValue
13848,1255.0,LowValue
13849,1537.95,LowValue
13850,1595.48,LowValue
13851,2651.46,HighValue
13853,1090.14,LowValue
13854,8109.5199999999995,HighValue
13856,388.5,LowValue
13858,216.17,LowValue
13859,201.16,LowValue
13860,1245.9,LowValue
13862,2209.36,HighValue
13863,305.78,LowValue
13865,501.56,LowValue
13866,145.67000000000002,LowValue
13867,1015.29,LowValue
13868,3192.54,HighValue
13869,3104.95,HighValue
13870,2770.94,HighValue
13871,6403.25,HighValue
13873,389.6,LowValue
13874,540.45,LowValue
13875,1786.79,HighValue
13876,122.7,LowValue
13877,117.24,LowValue
13878,1281.53,LowValue
13880,3219.77,HighValue
13881,17159.52,HighValue
13882,1191.13,LowValue
13883,2674.48,HighValue
13884,787.6,LowValue
13885,506.8,LowValue
13886,243.56,LowValue
13887,349.55,LowValue
13888,605.63,LowValue
13889,416.90000000000003,LowValue
13890,1883.8100000000002,HighValue
13892,632.97,LowValue
13893,821.1,LowValue
13894,564.62,LowValue
13895,2593.07,HighValue
13897,311.16,LowValue
13898,155.93,LowValue
13899,388.52,LowValue
13900,740.95,LowValue
13901,2867.2,HighValue
13904,332.64,LowValue
13908,2369.55,HighValue
13911,2580.91,HighValue
13914,626.45,LowValue
13917,272.04,LowValue
13918,1212.8400000000001,LowValue
13919,384.81,LowValue
13922,172.25,LowValue
13923,351.13,LowValue
13924,1838.8500000000001,HighValue
13925,678.25,LowValue
13926,223.85000000000002,LowValue
13927,348.99,LowValue
13928,464.57,LowValue
13929,842.65,LowValue
13930,337.34,LowValue
13931,1237.53,LowValue
13932,307.4,LowValue
13933,608.7900000000001,LowValue
13934,922.1,LowValue
13936,376.58,LowValue
13937,158.85,LowValue
13938,71.66,LowValue
13939,568.55,LowValue
13940,839.14,LowValue
13941,5112.96,HighValue
13946,561.5699999999999,LowValue
13947,90.6,LowValue
13948,102.0,LowValue
13949,2427.32,HighValue
13950,745.06,LowValue
13951,674.45,LowValue
13952,3251.071,HighValue
13953,3515.68,HighValue
13954,439.92,LowValue
13955,322.96,LowValue
13956,1026.42,LowValue
13959,598.2,LowValue
13960,230.22,LowValue
13962,169.55,LowValue
13963,664.54,LowValue
13967,80.7,LowValue
13969,9053.94,HighValue
13971,2758.26,HighValue
13972,190.25,LowValue
13973,264.7,LowValue
13974,413.59000000000003,LowValue
13975,2526.28,HighValue
13976,357.98,LowValue
13978,196.79000000000002,LowValue
13979,869.87,LowValue
13980,200.14,LowValue
13982,1871.81,HighValue
13983,2603.43,HighValue
13984,920.51,LowValue
13985,7060.13,HighValue
13986,320.46,LowValue
13988,4147.96,HighValue
13989,1266.08,LowValue
13990,311.3,LowValue
13991,855.97,LowValue
13992,76.8,LowValue
13993,3466.36,HighValue
13994,2313.14,HighValue
13995,1393.69,LowValue
13999,3901.81,HighValue
14000,635.66,LowValue
14001,2043.0800000000002,HighValue
14002,529.73,LowValue
14004,4582.64,HighValue
14005,2874.72,HighValue
14006,962.19,LowValue
14009,695.61,LowValue
14012,328.8,LowValue
14013,473.02,LowValue
14014,505.18,LowValue
14015,917.34,LowValue
14016,4341.21,HighValue
14019,1421.61,LowValue
14020,642.8,LowValue
14021,631.9,LowValue
14022,440.0,LowValue
14023,584.07,LowValue
14024,327.7,LowValue
14027,104.82,LowValue
14029,467.66,LowValue
14030,2360.09,HighValue
14031,17286.86,HighValue
14032,2975.59,HighValue
14034,651.8199999999999,LowValue
14035,1428.02,LowValue
14036,626.65,LowValue
14037,147.20000000000002,LowValue
14038,1560.38,LowValue
14039,152.2,LowValue
14040,3614.92,HighValue
14041,141.41,LowValue
14044,652.82,LowValue
14045,1659.75,LowValue
14046,154.99,LowValue
14047,1308.6100000000001,LowValue
14048,409.93,LowValue
14049,5681.72,HighValue
14050,746.36,LowValue
14051,15610.390000000001,HighValue
14052,225.36,LowValue
14053,260.25,LowValue
14054,92.46,LowValue
14055,725.6400000000001,LowValue
14056,8214.65,HighValue
14057,6217.96,HighValue
14059,183.6,LowValue
14060,6140.42,HighValue
14062,10464.85,HighValue
14064,1353.74,LowValue
14066,152.55,LowValue
14067,374.7,LowValue
14068,265.85,LowValue
14071,1438.82,LowValue
14073,151.04,LowValue
14075,942.26,LowValue
14076,122.47,LowValue
14077,499.41999999999996,LowValue
14078,1049.37,LowValue
14079,375.1,LowValue
14080,45.599999999999994,LowValue
14081,934.52,LowValue
14082,182.25,LowValue
14083,1018.43,LowValue
14085,4448.54,HighValue
14087,194.42,LowValue
14088,50491.81,HighValue
14089,161.0,LowValue
14090,76.32000000000001,LowValue
14092,4076.91,HighValue
14093,442.85,LowValue
14096,65164.79,HighValue
14098,147.35,LowValue
14099,3104.17,HighValue
14100,194.9,LowValue
14101,5976.79,HighValue
14102,1360.28,LowValue
14104,216.20999999999998,LowValue
14105,1266.23,LowValue
14107,2703.23,HighValue
14108,597.91,LowValue
14109,144.2,LowValue
14110,5683.15,HighValue
14111,692.85,LowValue
14112,2915.15,HighValue
14113,1840.42,HighValue
14114,386.53,LowValue
14116,1382.74,LowValue
14117,90.0,LowValue
14121,2780.15,HighValue
14124,419.58000000000004,LowValue
14125,2740.43,HighValue
14126,706.1300000000001,LowValue
14127,709.71,LowValue
14128,637.5,LowValue
14129,1123.8600000000001,LowValue
14130,483.86,LowValue
14132,3586.0299999999997,HighValue
14133,605.64,LowValue
14135,4690.31,HighValue
14138,982.3800000000001,LowValue
14139,415.82,LowValue
14140,935.05,LowValue
14141,915.13,LowValue
14142,311.81,LowValue
14143,115.8,LowValue
14145,3742.2,HighValue
14146,4191.0,HighValue
14147,483.4,LowValue
14148,157.2,LowValue
14149,446.62,LowValue
14150,658.64,LowValue
14152,621.29,LowValue
14154,1345.62,LowValue
14155,118.75,LowValue
14156,117379.63,HighValue
14157,432.88,LowValue
14158,507.66,LowValue
14159,4693.01,HighValue
14161,1110.52,LowValue
14162,289.36,LowValue
14163,2445.91,HighValue
14164,1631.77,LowValue
14165,122.53999999999999,LowValue
14167,574.84,LowValue
14171,363.79,LowValue
14173,450.84,LowValue
14174,134.46,LowValue
14175,3222.3,HighValue
14176,576.9000000000001,LowValue
14177,559.41,LowValue
14178,1620.93,LowValue
14179,719.78,LowValue
14180,4748.52,HighValue
14184,452.89,LowValue
14185,197.65,LowValue
14188,2054.36,HighValue
14189,4654.08,HighValue
14191,4684.76,HighValue
14193,853.39,LowValue
14194,11349.52,HighValue
14195,1012.0,LowValue
14196,335.52,LowValue
14198,701.4,LowValue
14199,185.39999999999998,LowValue
14201,747.44,LowValue
14204,161.03,LowValue
14205,466.7,LowValue
14206,328.15999999999997,LowValue
14208,151.74,LowValue
14209,2073.43,HighValue
14210,1905.8400000000001,HighValue
14211,2241.1,HighValue
14212,1070.48,LowValue
14214,1004.38,LowValue
14215,1789.72,HighValue
14216,1839.3,HighValue
14217,2004.98,HighValue
14218,169.48000000000002,LowValue
14219,89.94,LowValue
14220,632.4,LowValue
14221,3432.8,HighValue
14222,683.17,LowValue
14223,991.13,LowValue
14224,1050.12,LowValue
14226,2232.19,HighValue
14227,3350.96,HighValue
14229,1547.2,LowValue
14231,925.71,LowValue
14232,2048.07,HighValue
14233,1462.72,LowValue
14234,775.46,LowValue
14235,3144.86,HighValue
14236,490.86,LowValue
14237,161.0,LowValue
14238,146.85,LowValue
14239,2380.85,HighValue
14240,890.34,LowValue
14241,213.70000000000002,LowValue
14242,280.55,LowValue
14243,2588.77,HighValue
14245,1693.45,HighValue
14246,1474.06,LowValue
14247,136.76999999999998,LowValue
14248,302.58,LowValue
14250,1904.05,HighValue
14251,2879.7000000000003,HighValue
14256,969.0600000000001,LowValue
14257,3099.7200000000003,HighValue
14258,12669.98,HighValue
14259,120.0,LowValue
14261,1163.45,LowValue
14262,2618.23,HighValue
14264,333.97,LowValue
14265,530.18,LowValue
14267,1516.24,LowValue
14270,492.65000000000003,LowValue
14271,112.32,LowValue
14272,437.96,LowValue
14273,559.97,LowValue
14276,1119.74,LowValue
14277,4216.2,HighValue
14280,134.04,LowValue
14282,3729.34,HighValue
14284,595.25,LowValue
14285,1910.01,HighValue
14286,4628.75,HighValue
14287,176.63,LowValue
14288,426.6,LowValue
14289,911.26,LowValue
14290,2314.65,HighValue
14291,3883.25,HighValue
14292,4871.93,HighValue
14293,1046.56,LowValue
14295,166.20000000000002,LowValue
14297,1305.33,LowValue
14298,51527.3,HighValue
14299,3965.62,HighValue
14300,43.2,LowValue
14301,640.14,LowValue
14304,383.45,LowValue
14305,1858.96,HighValue
14306,2093.32,HighValue
14307,2995.72,HighValue
14309,2352.53,HighValue
14311,310.26,LowValue
14312,1611.59,LowValue
14314,120.0,LowValue
14315,2481.13,HighValue
14317,508.58000000000004,LowValue
14320,477.79,LowValue
14321,1530.75,LowValue
14323,605.0600000000001,LowValue
14326,183.85,LowValue
14327,311.65,LowValue
14329,5014.84,HighValue
14331,462.65999999999997,LowValue
14332,866.31,LowValue
14333,415.2,LowValue
14334,2552.21,HighValue
14335,468.26,LowValue
14336,1614.91,LowValue
14338,588.22,LowValue
14339,309.52,LowValue
14340,134.7,LowValue
14341,2182.28,HighValue
14342,668.5600000000001,LowValue
14344,889.9300000000001,LowValue
14345,108.97999999999999,LowValue
14346,1021.58,LowValue
14348,409.57,LowValue
14349,133.5,LowValue
14350,282.93,LowValue
14351,51.0,LowValue
14352,1078.96,LowValue
14353,90.6,LowValue
14354,163.62,LowValue
14355,174.4,LowValue
14356,701.23,LowValue
14357,225.77,LowValue
14359,912.18,LowValue
14360,2128.23,HighValue
14362,161.2,LowValue
14364,3717.35,HighValue
14367,9261.52,HighValue
14368,155.0,LowValue
14371,100.5,LowValue
14373,76.55,LowValue
14375,257.68,LowValue
14377,617.05,LowValue
14379,348.1,LowValue
14381,202.68,LowValue
14382,626.0699999999999,LowValue
14383,1247.69,LowValue
14385,202.11,LowValue
14386,142.4,LowValue
14387,1770.56,HighValue
14388,3212.84,HighValue
14389,1043.46,LowValue
14390,4652.82,HighValue
14393,67.95,LowValue
14395,3507.71,HighValue
14396,487.99,LowValue
14397,2612.96,HighValue
14400,574.7,LowValue
14401,4051.48,HighValue
14403,1475.81,LowValue
14404,1474.32,LowValue
14406,156.75,LowValue
14407,2157.73,HighValue
14408,2606.53,HighValue
14409,2059.4500000000003,HighValue
14410,1105.07,LowValue
14411,1063.0,LowValue
14412,770.03,LowValue
14413,122.7,LowValue
14414,1496.98,LowValue
14415,5900.28,HighValue
14416,490.22,LowValue
14418,1937.25,HighValue
14419,1058.06,LowValue
14420,387.52,LowValue
14421,813.11,LowValue
14422,4263.64,HighValue
14423,265.2,LowValue
14424,322.08,LowValue
14426,4481.67,HighValue
14427,363.34000000000003,LowValue
14428,1244.83,LowValue
14431,470.36,LowValue
14432,2255.51,HighValue
14434,1372.8,LowValue
14436,89.06,LowValue
14437,63.0,LowValue
14438,131.9,LowValue
14439,2661.24,HighValue
14440,2357.6800000000003,HighValue
14441,1712.89,HighValue
14442,1589.82,LowValue
14443,1420.2,LowValue
14446,1039.58,LowValue
14447,1163.23,LowValue
14448,375.35,LowValue
14449,907.1,LowValue
14450,483.25,LowValue
14451,662.59,LowValue
14452,264.44,LowValue
14453,119.93,LowValue
14456,3062.4,HighValue
14457,113.64,LowValue
14459,1837.92,HighValue
14460,434.34,LowValue
14461,2103.06,HighValue
14462,2004.02,HighValue
14463,529.62,LowValue
14465,1058.6200000000001,LowValue
14466,2272.4,HighValue
14467,598.76,LowValue
14470,461.19,LowValue
14472,1936.84,HighValue
14473,234.34000000000003,LowValue
14474,547.66,LowValue
14475,925.85,LowValue
14476,215.7,LowValue
14477,1309.6,LowValue
14479,316.25,LowValue
14480,279.05,LowValue
14481,636.51,LowValue
14482,2068.15,HighValue
14483,137.1,LowValue
14484,321.92,LowValue
14485,165.75,LowValue
14487,1196.33,LowValue
14488,1064.28,LowValue
14489,463.38,LowValue
14491,340.93,LowValue
14493,2383.2400000000002,HighValue
14494,139.56,LowValue
14495,123.8,LowValue
14496,538.8100000000001,LowValue
14497,475.37,LowValue
14498,1957.32,HighValue
14499,815.32,LowValue
14500,356.85,LowValue
14501,251.21,LowValue
14502,2470.67,HighValue
14503,3543.26,HighValue
14504,673.26,LowValue
14505,5905.64,HighValue
14506,2012.17,HighValue
14507,1383.18,LowValue
14508,276.42,LowValue
14511,1314.81,LowValue
14512,275.28,LowValue
14513,455.59000000000003,LowValue
14514,1055.35,LowValue
14515,2102.09,HighValue
14517,330.45,LowValue
14518,174.37,LowValue
14520,270.6,LowValue
14522,974.54,LowValue
14523,241.09,LowValue
14524,1867.68,HighValue
14525,4332.2,HighValue
14527,8508.82,HighValue
14528,364.21999999999997,LowValue
14529,620.04,LowValue
14530,2925.91,HighValue
14532,932.85,LowValue
14533,1949.72,HighValue
14534,4447.05,HighValue
14535,2864.19,HighValue
14536,171.8,LowValue
14537,355.56,LowValue
14538,388.25,LowValue
14539,537.48,LowValue
14540,996.26,LowValue
14541,1461.65,LowValue
14542,103.25,LowValue
14543,3630.33,HighValue
14544,2024.45,HighValue
14546,2578.09,HighValue
14547,4007.54,HighValue
14548,652.8,LowValue
14549,289.24,LowValue
14550,765.62,LowValue
14551,186.23,LowValue
14552,165.07,LowValue
14553,859.27,LowValue
14554,2381.04,HighValue
14555,324.14,LowValue
14557,788.38,LowValue
14560,2237.77,HighValue
14561,1080.76,LowValue
14562,5074.77,HighValue
14565,3099.12,HighValue
14566,1432.0,LowValue
14567,1530.3600000000001,LowValue
14569,227.39,LowValue
14570,218.06,LowValue
14572,2832.84,HighValue
14573,1653.42,LowValue
14576,35.400000000000006,LowValue
14577,859.71,LowValue
14578,168.63,LowValue
14581,138.6,LowValue
14582,114.11,LowValue
14583,1052.55,LowValue
14584,1042.26,LowValue
14585,157.05,LowValue
14586,237.36,LowValue
14587,1601.14,LowValue
14589,39.75,LowValue
14591,1447.14,LowValue
14592,570.46,LowValue
14593,617.99,LowValue
14594,379.83,LowValue
14595,1740.6,HighValue
14597,883.15,LowValue
14598,221.97,LowValue
14600,393.33000000000004,LowValue
14601,213.96,LowValue
14603,660.0,LowValue
14606,12156.65,HighValue
14607,16569.5,HighValue
14608,1785.15,HighValue
14609,601.56,LowValue
14616,406.08000000000004,LowValue
14618,553.44,LowValue
14619,394.44,LowValue
14620,412.78000000000003,LowValue
14621,1788.3600000000001,HighValue
14622,320.58000000000004,LowValue
14623,889.25,LowValue
14624,225.85,LowValue
14625,899.63,LowValue
14626,2791.27,HighValue
14628,671.96,LowValue
14629,959.01,LowValue
14631,1006.98,LowValue
14632,114.56,LowValue
14633,344.90000000000003,LowValue
14636,609.85,LowValue
14638,443.6,LowValue
14639,2984.49,HighValue
14640,2125.08,HighValue
14641,110.46,LowValue
14642,96.12,LowValue
14643,693.8100000000001,LowValue
14644,830.76,LowValue
14645,597.09,LowValue
14646,280206.02,HighValue
14647,243.22,LowValue
14649,1417.29,LowValue
14651,654.6,LowValue
14652,114.18,LowValue
14653,1947.55,HighValue
14655,1932.23,HighValue
14656,291.05,LowValue
14657,848.22,LowValue
14658,247.15,LowValue
14659,2529.93,HighValue
14660,285.74,LowValue
14661,107.95,LowValue
14662,771.17,LowValue
14664,637.89,LowValue
14665,1835.7,HighValue
14666,195.25,LowValue
14667,9241.2,HighValue
14669,1269.99,LowValue
14670,411.53,LowValue
14672,765.55,LowValue
14673,1736.4,HighValue
14675,604.75,LowValue
14676,2548.2400000000002,HighValue
14680,28754.11,HighValue
14681,498.95,LowValue
14682,52.0,LowValue
14684,1236.28,LowValue
14687,628.38,LowValue
14688,5630.87,HighValue
14689,112.8,LowValue
14690,371.7,LowValue
14691,2114.33,HighValue
14692,591.55,LowValue
14693,172.9,LowValue
14696,2078.95,HighValue
14697,188.60999999999999,LowValue
14698,1250.76,LowValue
14699,109.13000000000001,LowValue
14700,2235.3,HighValue
14701,2549.37,HighValue
14702,3292.14,HighValue
14703,318.17,LowValue
14704,1546.91,LowValue
14705,179.0,LowValue
14708,1126.37,LowValue
14709,4921.04,HighValue
14710,606.13,LowValue
14711,2868.8,HighValue
14712,917.07,LowValue
14713,2666.36,HighValue
14714,160.19,LowValue
14715,867.38,LowValue
14716,329.68,LowValue
14719,1602.13,LowValue
14720,663.81,LowValue
14722,187.92000000000002,LowValue
14723,1158.3,LowValue
14725,718.08,LowValue
14727,268.58,LowValue
14729,313.49,LowValue
14730,2005.06,HighValue
14731,380.02,LowValue
14732,2702.4900000000002,HighValue
14733,9585.91,HighValue
14735,6065.69,HighValue
14737,1164.55,LowValue
14738,1314.45,LowValue
14739,3902.28,HighValue
14740,1448.21,LowValue
14741,1400.34,LowValue
14744,1099.98,LowValue
14745,1220.26,LowValue
14747,328.2,LowValue
14748,1415.75,LowValue
14752,389.64,LowValue
14753,563.15,LowValue
14754,638.05,LowValue
14755,5010.28,HighValue
14756,738.96,LowValue
14757,420.5,LowValue
14758,1484.06,LowValue
14759,1625.97,LowValue
14760,89.2,LowValue
14761,255.9,LowValue
14762,300.52,LowValue
14764,278.3,LowValue
14765,254.11,LowValue
14766,2473.37,HighValue
14768,192.60000000000002,LowValue
14769,10674.75,HighValue
14770,876.42,LowValue
14772,139.26,LowValue
14775,1011.9,LowValue
14776,2538.3,HighValue
14778,730.86,LowValue
14779,386.15,LowValue
14780,447.68,LowValue
14782,200.10000000000002,LowValue
14784,289.99,LowValue
14785,77.4,LowValue
14788,679.4399999999999,LowValue
14789,197.64,LowValue
14790,745.06,LowValue
14792,6.2,LowValue
14793,228.99,LowValue
14794,1319.91,LowValue
14795,131.45000000000002,LowValue
14796,8022.49,HighValue
14798,173.74,LowValue
14799,157.7,LowValue
14800,4339.74,HighValue
14801,193.14,LowValue
14803,845.55,LowValue
14804,353.27,LowValue
14805,554.65,LowValue
14806,193.39000000000001,LowValue
14808,2741.17,HighValue
14810,2087.88,HighValue
14813,155.43,LowValue
14815,778.5,LowValue
14816,271.85,LowValue
14817,1110.34,LowValue
14818,657.8,LowValue
14819,272.07,LowValue
14820,507.29,LowValue
14821,48.800000000000004,LowValue
14823,321.43,LowValue
14824,1127.71,LowValue
14825,2226.91,HighValue
14828,2139.76,HighValue
14829,697.55,LowValue
14830,197.13,LowValue
14834,1720.3,HighValue
14836,102.44999999999999,LowValue
14837,1649.5,LowValue
14840,62.85,LowValue
14841,3295.76,HighValue
14842,2824.69,HighValue
14844,3189.81,HighValue
14847,309.4,LowValue
14849,7930.54,HighValue
14850,325.75,LowValue
14851,511.35,LowValue
14852,2836.69,HighValue
14853,475.8,LowValue
14854,2759.83,HighValue
14855,645.65,LowValue
14856,1311.3799999999999,LowValue
14857,1173.12,LowValue
14859,1353.74,LowValue
14860,170.32,LowValue
14861,125.79,LowValue
14862,841.1999999999999,LowValue
14863,266.76,LowValue
14865,52.2,LowValue
14866,14389.9,HighValue
14867,710.28,LowValue
14868,2953.59,HighValue
14869,725.7,LowValue
14870,327.25,LowValue
14871,522.38,LowValue
14873,519.68,LowValue
14875,1465.3200000000002,LowValue
14878,1485.54,LowValue
14880,706.19,LowValue
14881,255.4,LowValue
14882,589.7,LowValue
14883,761.59,LowValue
14885,765.3199999999999,LowValue
14886,364.8,LowValue
14887,1862.0,HighValue
14888,369.2,LowValue
14889,135.9,LowValue
14890,125.65,LowValue
14891,554.38,LowValue
14893,1237.8500000000001,LowValue
14894,655.75,LowValue
14895,11138.710000000001,HighValue
14896,468.77000000000004,LowValue
14897,1366.38,LowValue
14898,1303.52,LowValue
14901,1421.29,LowValue
14902,332.66,LowValue
14903,2810.63,HighValue
14904,1025.44,LowValue
14905,616.15,LowValue
14907,3501.1,HighValue
14908,277.8,LowValue
14910,434.35,LowValue
14911,143825.06,HighValue
14912,867.85,LowValue
14913,1227.43,LowValue
14915,307.48,LowValue
14916,1268.98,LowValue
14918,1610.15,LowValue
14920,977.77,LowValue
14921,1316.07,LowValue
14923,749.1,LowValue
14924,310.05,LowValue
14929,223.88,LowValue
14930,2372.86,HighValue
14931,1257.68,LowValue
14932,363.53,LowValue
14934,1890.94,HighValue
14935,1784.71,HighValue
14936,8137.02,HighValue
14937,1621.88,LowValue
14944,5900.25,HighValue
14946,100.9,LowValue
14947,290.82,LowValue
14948,1101.97,LowValue
14950,371.2,LowValue
14951,311.69,LowValue
14952,8099.49,HighValue
14953,289.82,LowValue
14954,336.17,LowValue
14957,58.49,LowValue
14958,499.68,LowValue
14959,695.42,LowValue
14960,221.27,LowValue
14961,7044.68,HighValue
14962,126.7,LowValue
14963,1487.8,LowValue
14964,206.21,LowValue
14965,599.0,LowValue
14966,191.32,LowValue
14967,463.8,LowValue
14968,147.59,LowValue
14970,1592.06,LowValue
14971,1116.57,LowValue
14972,114.77,LowValue
14973,1314.45,LowValue
14974,114.39,LowValue
14975,279.94,LowValue
14976,790.86,LowValue
14978,1931.42,HighValue
14981,102.12,LowValue
14984,213.27,LowValue
14985,296.75,LowValue
14987,326.4,LowValue
14988,334.54,LowValue
14995,233.23000000000002,LowValue
14997,546.1999999999999,LowValue
14998,429.87,LowValue
15000,490.52,LowValue
15002,1641.76,LowValue
15004,1246.32,LowValue
15005,6316.57,HighValue
15006,502.09,LowValue
15007,156.91,LowValue
15009,1261.78,LowValue
15010,308.94,LowValue
15012,423.04,LowValue
15014,260.17,LowValue
15016,170.04,LowValue
15017,125.58,LowValue
15018,496.21000000000004,LowValue
15019,266.0,LowValue
15021,1914.82,HighValue
15022,905.04,LowValue
15023,6802.76,HighValue
15024,1661.33,LowValue
15025,377.01,LowValue
15026,469.0,LowValue
15027,1066.1499999999999,LowValue
15028,627.13,LowValue
15030,518.28,LowValue
15031,668.14,LowValue
15032,4959.1,HighValue
15033,2586.67,HighValue
15034,4308.61,HighValue
15035,252.73000000000002,LowValue
15036,465.55,LowValue
15038,705.49,LowValue
15039,19914.44,HighValue
15041,180.35,LowValue
15042,135.93,LowValue
15043,537.0,LowValue
15044,7700.2300000000005,HighValue
15045,735.66,LowValue
15046,5213.7699999999995,HighValue
15047,343.62,LowValue
15048,384.05,LowValue
15049,121.17000000000002,LowValue
15050,1782.09,HighValue
15051,1391.61,LowValue
15052,215.78,LowValue
15053,697.79,LowValue
15054,302.1,LowValue
15057,1489.5,LowValue
15058,2124.9900000000002,HighValue
15059,1337.72,LowValue
15060,303.09,LowValue
15061,54534.14,HighValue
15062,987.86,LowValue
15063,370.79999999999995,LowValue
15065,3158.13,HighValue
15066,893.59,LowValue
15067,1744.76,HighValue
15068,553.36,LowValue
15069,1109.53,LowValue
15070,106.2,LowValue
15071,982.07,LowValue
15073,1043.41,LowValue
15074,748.87,LowValue
15075,773.03,LowValue
15076,880.85,LowValue
15078,9743.11,HighValue
15079,895.61,LowValue
15081,504.8,LowValue
15083,88.2,LowValue
15087,306.94,LowValue
15088,1160.07,LowValue
15089,2420.84,HighValue
15090,381.32,LowValue
15091,480.71,LowValue
15092,457.81,LowValue
15093,4597.02,HighValue
15095,1370.6,LowValue
15096,219.39000000000001,LowValue
15097,248.08,LowValue
15098,39916.5,HighValue
15099,410.48,LowValue
15100,876.0,LowValue
15101,317.53,LowValue
15103,703.36,LowValue
15104,1027.44,LowValue
15105,2298.93,HighValue
15106,1422.52,LowValue
15107,319.5,LowValue
15108,1300.25,LowValue
15109,484.95,LowValue
15110,996.1,LowValue
15111,1567.48,LowValue
15113,3609.33,HighValue
15114,2760.56,HighValue
15115,340.11,LowValue
15116,1352.75,LowValue
15117,1551.78,LowValue
15118,244.8,LowValue
15119,266.4,LowValue
15120,358.82,LowValue
15121,457.72,LowValue
15122,1633.78,LowValue
15123,2199.31,HighValue
15124,184.19,LowValue
15125,11528.48,HighValue
15127,406.53,LowValue
15128,1471.0,LowValue
15129,3447.4,HighValue
15130,330.11,LowValue
15132,977.9300000000001,LowValue
15133,982.42,LowValue
15134,1387.99,LowValue
15135,139.05,LowValue
15136,1286.7,LowValue
15139,178.96,LowValue
15140,2354.25,HighValue
15142,498.74,LowValue
15143,259.45,LowValue
15144,6580.44,HighValue
15145,1194.73,LowValue
15146,1327.16,LowValue
15147,623.5,LowValue
15148,301.29,LowValue
15149,520.8000000000001,LowValue
15150,5314.47,HighValue
15152,4745.69,HighValue
15153,329.25,LowValue
15154,296.42,LowValue
15156,961.49,LowValue
15157,1936.07,HighValue
15158,401.40000000000003,LowValue
15159,18641.010000000002,HighValue
15160,158.16,LowValue
15163,304.47,LowValue
15164,843.05,LowValue
15165,487.75,LowValue
15167,163.0,LowValue
15168,106.56,LowValue
15171,1289.5,LowValue
15172,1624.05,LowValue
15174,135.75,LowValue
15175,224.14,LowValue
15178,40.5,LowValue
15179,2206.95,HighValue
15180,87.5,LowValue
15181,689.4799999999999,LowValue
15182,622.85,LowValue
15184,406.76,LowValue
15185,310.62,LowValue
15186,411.41,LowValue
15187,4777.18,HighValue
15189,16225.39,HighValue
15192,1044.32,LowValue
15193,499.32,LowValue
15194,7616.53,HighValue
15195,3861.0,HighValue
15197,1079.6100000000001,LowValue
15198,193.64,LowValue
15199,1268.7,LowValue
15201,1236.54,LowValue
15203,1827.8,HighValue
15204,316.58,LowValue
15205,653.24,LowValue
15206,420.29999999999995,LowValue
15208,870.12,LowValue
15210,331.18,LowValue
15211,894.4100000000001,LowValue
15212,101.8,LowValue
15213,328.35,LowValue
15214,1661.44,LowValue
15215,734.94,LowValue
15216,96.6,LowValue
15218,5756.89,HighValue
15219,305.75,LowValue
15220,1778.96,HighValue
15221,403.25,LowValue
15222,585.0,LowValue
15223,755.75,LowValue
15224,322.08,LowValue
15225,409.40000000000003,LowValue
15226,154.41,LowValue
15227,1219.4,LowValue
15228,3386.71,HighValue
15230,429.6,LowValue
15232,612.06,LowValue
15234,197.0,LowValue
15235,2247.51,HighValue
15236,321.05,LowValue
15237,1412.32,LowValue
15238,1071.99,LowValue
15239,780.59,LowValue
15240,1706.57,HighValue
15241,1756.44,HighValue
15243,316.68,LowValue
15244,631.57,LowValue
15245,2515.84,HighValue
15246,514.15,LowValue
15247,356.0,LowValue
15249,6688.46,HighValue
15251,10484.99,HighValue
15252,740.78,LowValue
15253,918.1999999999999,LowValue
15254,300.36,LowValue
15255,890.85,LowValue
15256,98.45,LowValue
15257,317.15,LowValue
15258,623.16,LowValue
15260,1810.77,HighValue
15261,254.82,LowValue
15262,178.95000000000002,LowValue
15263,156.51,LowValue
15264,393.74,LowValue
15265,1506.1200000000001,LowValue
15266,119.3,LowValue
15267,1717.36,HighValue
15269,408.8,LowValue
15270,2379.49,HighValue
15271,2507.07,HighValue
15272,721.94,LowValue
15274,716.57,LowValue
15275,615.14,LowValue
15276,135.31,LowValue
15277,255.89999999999998,LowValue
15279,290.51,LowValue
15280,113.12,LowValue
15281,2332.15,HighValue
15286,240.55,LowValue
15287,486.69,LowValue
15288,2306.52,HighValue
15289,939.78,LowValue
15290,7943.22,HighValue
15291,4668.3,HighValue
15292,180.94,LowValue
15296,3672.86,HighValue
15297,641.94,LowValue
15298,4799.9,HighValue
15299,4507.01,HighValue
15300,496.44,LowValue
15301,5070.35,HighValue
15303,574.02,LowValue
15304,694.4000000000001,LowValue
15306,1174.35,LowValue
15307,205.3,LowValue
15308,310.47,LowValue
15311,60767.9,HighValue
15312,924.85,LowValue
15313,52.0,LowValue
15314,327.97,LowValue
15315,570.5,LowValue
15316,165.0,LowValue
15318,312.62,LowValue
15319,204.5,LowValue
15320,267.13,LowValue
15321,2748.31,HighValue
15322,679.68,LowValue
15325,162.29,LowValue
15326,311.71,LowValue
15327,208.75,LowValue
15329,1049.7,LowValue
15330,714.96,LowValue
15332,1661.06,LowValue
15333,1028.56,LowValue
15334,351.67,LowValue
15335,173.97,LowValue
15339,574.07,LowValue
15341,2020.52,HighValue
15342,406.09,LowValue
15343,364.5,LowValue
15344,563.94,LowValue
15345,393.54,LowValue
15346,252.42000000000002,LowValue
15347,201.60000000000002,LowValue
15348,158.04,LowValue
15349,473.81,LowValue
15350,115.65,LowValue
15351,1960.1100000000001,HighValue
15353,777.02,LowValue
15355,277.05,LowValue
15356,2766.5,HighValue
15358,8347.2,HighValue
15360,427.93,LowValue
15361,418.92,LowValue
15363,326.0,LowValue
15364,913.19,LowValue
15365,2314.32,HighValue
15366,602.51,LowValue
15367,1877.59,HighValue
15368,446.94000000000005,LowValue
15370,2386.05,HighValue
15372,2007.3999999999999,HighValue
15373,2415.91,HighValue
15374,168.0,LowValue
15376,1233.3600000000001,LowValue
15379,3703.29,HighValue
15380,1690.2600000000002,HighValue
15381,596.85,LowValue
15382,5955.71,HighValue
15384,642.41,LowValue
15385,316.88,LowValue
15386,394.14,LowValue
15388,140.54,LowValue
15389,500.0,LowValue
15392,1535.53,LowValue
15393,231.86,LowValue
15394,2183.54,HighValue
15395,107.45,LowValue
15396,288.18,LowValue
15397,94.0,LowValue
15398,1345.53,LowValue
15399,815.77,LowValue
15400,716.2,LowValue
15402,626.77,LowValue
15405,349.1,LowValue
15406,510.71000000000004,LowValue
15407,1056.44,LowValue
15408,267.18,LowValue
15410,3450.84,HighValue
15411,1358.88,LowValue
15412,190.53,LowValue
15414,774.9000000000001,LowValue
15415,572.8100000000001,LowValue
15416,3984.32,HighValue
15417,508.8,LowValue
15419,135.86,LowValue
15421,950.36,LowValue
15422,97.7,LowValue
15423,43.5,LowValue
15424,383.34,LowValue
15426,1447.39,LowValue
15427,1483.14,LowValue
15428,93.78,LowValue
15429,397.35,LowValue
15432,171.19,LowValue
15433,533.3,LowValue
15434,1041.48,LowValue
15435,149.29,LowValue
15436,1122.53,LowValue
15437,200.16,LowValue
15438,156.57999999999998,LowValue
15440,383.68,LowValue
15442,594.0,LowValue
15443,3236.91,HighValue
15444,1418.26,LowValue
15445,113.5,LowValue
15447,155.17,LowValue
15448,494.64,LowValue
15449,974.52,LowValue
15450,429.84,LowValue
15452,538.73,LowValue
15453,1388.37,LowValue
15454,179.1,LowValue
15456,447.22,LowValue
15457,237.07,LowValue
15458,161.64,LowValue
15460,216.76,LowValue
15462,234.6,LowValue
15463,126.14,LowValue
15464,1048.85,LowValue
15465,7354.62,HighValue
15466,334.53,LowValue
15467,524.88,LowValue
15468,467.51,LowValue
15469,538.55,LowValue
15471,469.48,LowValue
15472,371.56,LowValue
15473,1771.2,HighValue
15475,454.10999999999996,LowValue
15478,1441.42,LowValue
15480,905.5,LowValue
15482,11054.96,HighValue
15483,233.81,LowValue
15484,3594.31,HighValue
15485,2575.0,HighValue
15488,91.32000000000001,LowValue
15489,1134.28,LowValue
15491,3100.09,HighValue
15492,659.4599999999999,LowValue
15493,2001.8,HighValue
15494,1299.23,LowValue
15497,1262.2,LowValue
15498,13316.4,HighValue
15500,1131.56,LowValue
15502,10384.93,HighValue
15503,147.09,LowValue
15504,52.83,LowValue
15505,3610.96,HighValue
15506,979.26,LowValue
15507,492.36,LowValue
15508,1000.27,LowValue
15510,250.0,LowValue
15511,909.23,LowValue
15512,121.0,LowValue
15513,14758.220000000001,HighValue
15514,4139.46,HighValue
15516,62.43,LowValue
15517,267.03,LowValue
15518,1942.45,HighValue
15520,343.5,LowValue
15521,3000.2,HighValue
15522,398.84,LowValue
15523,412.01000000000005,LowValue
15524,440.0,LowValue
15525,825.92,LowValue
15526,148.44,LowValue
15527,2429.78,HighValue
15528,229.33,LowValue
15529,3995.23,HighValue
15530,1502.35,LowValue
15531,2007.44,HighValue
15532,1580.93,LowValue
15533,807.57,LowValue
15535,536.4,LowValue
15537,110.92,LowValue
15539,538.46,LowValue
15540,213.3,LowValue
15541,85.13000000000001,LowValue
15543,127.86,LowValue
15544,3546.71,HighValue
15545,292.71999999999997,LowValue
15547,4954.84,HighValue
15549,1693.26,HighValue
15550,575.63,LowValue
15551,436.06,LowValue
15552,90.12,LowValue
15553,437.23,LowValue
15554,217.2,LowValue
15555,4805.17,HighValue
15556,279.77,LowValue
15557,473.65000000000003,LowValue
15561,800.59,LowValue
15562,134.55,LowValue
15563,1400.44,LowValue
15565,173.16,LowValue
15567,186.01,LowValue
15568,758.29,LowValue
15569,1375.71,LowValue
15570,4165.52,HighValue
15571,650.4300000000001,LowValue
15572,2552.86,HighValue
15573,607.45,LowValue
15574,702.25,LowValue
15576,940.6700000000001,LowValue
15577,258.88,LowValue
15578,127.1,LowValue
15579,348.6,LowValue
15581,3679.9700000000003,HighValue
15582,682.9100000000001,LowValue
15584,725.11,LowValue
15585,455.3,LowValue
15587,913.6800000000001,LowValue
15589,478.53000000000003,LowValue
15592,388.58,LowValue
15593,199.8,LowValue
15594,1771.78,HighValue
15596,1406.59,LowValue
15597,324.57,LowValue
15598,240.68,LowValue
15599,761.74,LowValue
15601,6776.56,HighValue
15602,1297.8700000000001,LowValue
15603,48.480000000000004,LowValue
15604,216.39,LowValue
15605,1198.23,LowValue
15606,2920.16,HighValue
15607,104.76,LowValue
15608,1093.68,LowValue
15609,298.48,LowValue
15610,112.46000000000001,LowValue
15611,1591.45,LowValue
15612,195.15,LowValue
15615,10399.74,HighValue
15618,776.851,LowValue
15619,336.40000000000003,LowValue
15620,1553.18,LowValue
15621,1293.03,LowValue
15622,3709.56,HighValue
15623,301.03,LowValue
15624,588.13,LowValue
15625,1534.26,LowValue
15626,675.8,LowValue
15628,2870.2400000000002,HighValue
15630,1186.35,LowValue
15632,3285.31,HighValue
15634,243.55,LowValue
15636,724.76,LowValue
15637,223.36,LowValue
15639,425.32,LowValue
15640,12515.66,HighValue
15641,1887.2,HighValue
15643,664.0,LowValue
15644,813.0,LowValue
15645,612.01,LowValue
15646,447.64000000000004,LowValue
15648,657.35,LowValue
15649,816.0,LowValue
15651,646.3,LowValue
15652,337.74,LowValue
15653,877.4399999999999,LowValue
15654,922.53,LowValue
15655,560.67,LowValue
15656,748.5,LowValue
15657,30.0,LowValue
15658,1024.1000000000001,LowValue
15659,306.45,LowValue
15660,1600.86,LowValue
15661,309.8,LowValue
15663,138.14,LowValue
15664,386.43,LowValue
15665,2242.01,HighValue
15667,301.32,LowValue
15668,76.32000000000001,LowValue
15669,684.34,LowValue
15670,173.05,LowValue
15671,2657.13,HighValue
15673,2881.02,HighValue
15674,2446.6,HighValue
15675,323.69,LowValue
15676,3435.76,HighValue
15677,657.23,LowValue
15678,352.7,LowValue
15679,781.28,LowValue
15680,1333.68,LowValue
15681,1426.16,LowValue
15683,193.75,LowValue
15687,2993.1,HighValue
15689,254.1,LowValue
15690,239.76,LowValue
15691,136.8,LowValue
15692,191.04,LowValue
15694,6479.4,HighValue
15695,409.98,LowValue
15696,2736.46,HighValue
15699,309.65,LowValue
15700,696.68,LowValue
15701,1542.14,LowValue
15703,211.5,LowValue
15704,2293.62,HighValue
15705,143.1,LowValue
15706,1060.56,LowValue
15707,945.58,LowValue
15708,3364.2400000000002,HighValue
15709,133.25,LowValue
15712,1072.3600000000001,LowValue
15713,356.7,LowValue
15714,330.88,LowValue
15716,1118.81,LowValue
15717,150.3,LowValue
15719,5045.61,HighValue
15720,598.73,LowValue
15721,507.08,LowValue
15722,2222.56,HighValue
15723,203.1,LowValue
15724,218.25,LowValue
15725,415.25,LowValue
15727,5178.96,HighValue
15729,85.0,LowValue
15730,1120.88,LowValue
15732,294.12,LowValue
15733,162.3,LowValue
15734,1339.45,LowValue
15737,1205.1200000000001,LowValue
15738,4812.42,HighValue
15739,449.12,LowValue
15740,154.88,LowValue
15743,784.46,LowValue
15744,34.8,LowValue
15745,1094.59,LowValue
15746,196.88,LowValue
15747,974.04,LowValue
15748,149.31,LowValue
15749,44534.3,HighValue
15750,2465.48,HighValue
15752,2637.38,HighValue
15753,79.2,LowValue
15754,458.57,LowValue
15755,2364.25,HighValue
15756,532.96,LowValue
15757,714.42,LowValue
15758,205.25,LowValue
15759,253.04,LowValue
15762,583.75,LowValue
15763,1086.92,LowValue
15764,3279.97,HighValue
15766,315.06,LowValue
15768,621.8299999999999,LowValue
15769,56252.72,HighValue
15773,635.6800000000001,LowValue
15774,270.8,LowValue
15775,104.9,LowValue
15776,241.62,LowValue
15777,1047.11,LowValue
15780,475.28000000000003,LowValue
15781,345.46,LowValue
15782,2614.7400000000002,HighValue
15783,246.3,LowValue
15785,2328.9700000000003,HighValue
15786,4932.2,HighValue
15787,948.05,LowValue
15789,351.3,LowValue
15790,220.85,LowValue
15791,1612.69,LowValue
15793,965.61,LowValue
15795,610.01,LowValue
15796,2711.56,HighValue
15797,2207.4,HighValue
15799,884.14,LowValue
15800,699.08,LowValue
15801,1063.95,LowValue
15802,451.42,LowValue
15803,415.82000000000005,LowValue
15804,4206.39,HighValue
15805,5528.4800000000005,HighValue
15806,784.58,LowValue
15807,903.9,LowValue
15808,3734.9700000000003,HighValue
15809,515.77,LowValue
15810,1391.98,LowValue
15811,2218.62,HighValue
15812,1801.14,HighValue
15813,1303.9099999999999,LowValue
15814,1945.33,HighValue
15815,2100.6,HighValue
15819,1905.45,HighValue
15820,206.98,LowValue
15821,570.96,LowValue
15822,885.47,LowValue
15823,15.0,LowValue
15825,532.94,LowValue
15826,1654.31,LowValue
15827,1836.0900000000001,HighValue
15829,636.14,LowValue
15830,576.0,LowValue
15831,801.76,LowValue
15832,836.79,LowValue
15834,2233.75,HighValue
15835,954.09,LowValue
15836,137.37,LowValue
15837,391.98,LowValue
15838,33643.08,HighValue
15839,1048.49,LowValue
15840,355.56,LowValue
15841,1224.06,LowValue
15843,118.95000000000002,LowValue
15844,130.73999999999998,LowValue
15845,3711.77,HighValue
15847,389.27,LowValue
15850,238.85,LowValue
15852,160.71,LowValue
15853,110.8,LowValue
15854,2974.65,HighValue
15855,712.24,LowValue
15856,16387.57,HighValue
15857,297.0,LowValue
15858,1438.85,LowValue
15860,977.21,LowValue
15861,3165.36,HighValue
15862,832.88,LowValue
15863,68.84,LowValue
15864,1936.3200000000002,HighValue
15865,895.13,LowValue
15866,230.53,LowValue
15867,3812.64,HighValue
15869,149.64,LowValue
15870,354.09000000000003,LowValue
15872,360.93,LowValue
15874,4405.88,HighValue
15877,493.28,LowValue
15880,343.28000000000003,LowValue
15881,501.39000000000004,LowValue
15882,516.36,LowValue
15883,396.48,LowValue
15885,379.35,LowValue
15886,181.09,LowValue
15888,168.31,LowValue
15889,446.87,LowValue
15891,524.52,LowValue
15894,263.55,LowValue
15895,179.17,LowValue
15897,222.05,LowValue
15898,1388.88,LowValue
15899,56.25,LowValue
15900,351.11,LowValue
15901,363.88,LowValue
15903,5126.76,HighValue
15904,164.68,LowValue
15906,1567.69,LowValue
15907,967.45,LowValue
15909,191.94,LowValue
15910,1232.18,LowValue
15912,264.62,LowValue
15916,1528.09,LowValue
15917,123.1,LowValue
15918,334.23,LowValue
15919,639.89,LowValue
15920,167.5,LowValue
15921,336.03000000000003,LowValue
15922,369.5,LowValue
15923,127.08,LowValue
15925,207.15,LowValue
15930,426.63,LowValue
15932,2495.87,HighValue
15933,1107.46,LowValue
15935,416.86,LowValue
15937,145.35,LowValue
15938,404.58,LowValue
15939,6115.01,HighValue
15940,35.8,LowValue
15942,337.44,LowValue
15944,325.1,LowValue
15945,181.0,LowValue
15947,1708.24,HighValue
15948,955.24,LowValue
15949,364.72,LowValue
15950,1765.51,HighValue
15951,708.22,LowValue
15952,806.57,LowValue
15953,1659.3799999999999,LowValue
15955,4416.26,HighValue
15957,428.89,LowValue
15958,104.35,LowValue
15963,470.76,LowValue
15965,845.64,LowValue
15967,418.83,LowValue
15969,666.1,LowValue
15970,314.1,LowValue
15971,4199.85,HighValue
15973,307.82000000000005,LowValue
15974,3442.15,HighValue
15975,371.01,LowValue
15976,430.94,LowValue
15977,1054.73,LowValue
15978,1098.78,LowValue
15980,2398.86,HighValue
15981,3408.48,HighValue
15983,1475.02,LowValue
15984,2837.67,HighValue
15985,1142.42,LowValue
15986,168.12,LowValue
15987,1451.28,LowValue
15988,158.03,LowValue
15990,792.11,LowValue
15992,41.989999999999995,LowValue
15993,2797.57,HighValue
15994,427.07,LowValue
15996,1060.68,LowValue
15998,3089.97,HighValue
16000,12393.7,HighValue
16003,2735.37,HighValue
16005,615.39,LowValue
16006,101.4,LowValue
16007,1701.94,HighValue
16008,478.78,LowValue
16009,992.71,LowValue
16010,407.5,LowValue
16011,3362.71,HighValue
16012,1415.29,LowValue
16013,37130.6,HighValue
16014,662.38,LowValue
16015,705.39,LowValue
16016,1508.76,LowValue
16017,211.88,LowValue
16018,408.90000000000003,LowValue
16019,3786.2400000000002,HighValue
16020,851.01,LowValue
16022,628.28,LowValue
16023,719.81,LowValue
16024,251.24,LowValue
16025,439.65999999999997,LowValue
16026,236.09,LowValue
16027,934.62,LowValue
16029,81024.84,HighValue
16030,331.24,LowValue
16031,548.94,LowValue
16033,8816.4,HighValue
16034,437.7,LowValue
16036,758.92,LowValue
16037,855.02,LowValue
16038,471.78000000000003,LowValue
16040,1313.55,LowValue
16041,3166.4,HighValue
16042,1197.27,LowValue
16043,773.99,LowValue
16045,1340.7,LowValue
16048,256.44,LowValue
16049,1111.79,LowValue
16050,137.9,LowValue
16052,362.06,LowValue
16053,1511.95,LowValue
16054,783.9,LowValue
16055,134.8,LowValue
16056,664.85,LowValue
16057,2263.12,HighValue
16059,1459.8600000000001,LowValue
16062,1153.62,LowValue
16063,335.32,LowValue
16065,372.09,LowValue
16066,1521.87,LowValue
16070,852.15,LowValue
16071,326.24,LowValue
16072,584.3199999999999,LowValue
16073,122.39999999999999,LowValue
16076,2234.73,HighValue
16078,79.2,LowValue
16079,1352.0,LowValue
16080,217.16,LowValue
16081,2806.9,HighValue
16083,1317.62,LowValue
16084,436.18,LowValue
16085,981.51,LowValue
16086,1121.39,LowValue
16091,315.06,LowValue
16092,817.86,LowValue
16093,17.0,LowValue
16094,1078.23,LowValue
16096,320.62,LowValue
16097,185.04999999999998,LowValue
16098,2005.63,HighValue
16099,731.9,LowValue
16101,1290.7,LowValue
16102,1842.14,HighValue
16103,1429.64,LowValue
16104,302.36,LowValue
16105,336.96,LowValue
16106,108.38,LowValue
16107,3204.1600000000003,HighValue
16108,842.5,LowValue
16109,611.88,LowValue
16110,1337.48,LowValue
16112,195.73999999999998,LowValue
16113,161.38,LowValue
16114,135.75000000000003,LowValue
16115,1667.97,HighValue
16116,612.78,LowValue
16117,232.21,LowValue
16119,423.36,LowValue
16120,1309.14,LowValue
16121,867.11,LowValue
16122,684.4200000000001,LowValue
16123,307.78,LowValue
16124,249.0,LowValue
16125,289.35,LowValue
16126,6287.77,HighValue
16127,656.25,LowValue
16128,1880.22,HighValue
16131,3506.54,HighValue
16133,14589.04,HighValue
16134,618.09,LowValue
16135,517.55,LowValue
16136,709.38,LowValue
16139,635.41,LowValue
16140,725.18,LowValue
16141,620.4,LowValue
16142,535.34,LowValue
16143,2424.94,HighValue
16144,175.2,LowValue
16145,3799.4900000000002,HighValue
16146,734.13,LowValue
16147,375.0,LowValue
16148,76.32000000000001,LowValue
16149,280.52,LowValue
16150,2053.02,HighValue
16152,1829.04,HighValue
16153,1824.23,HighValue
16156,3122.04,HighValue
16157,656.69,LowValue
16159,348.2,LowValue
16160,1025.44,LowValue
16161,5575.56,HighValue
16162,37.4,LowValue
16163,856.6,LowValue
16164,822.48,LowValue
16168,3787.6,HighValue
16169,1822.97,HighValue
16170,1885.05,HighValue
16171,73.2,LowValue
16172,1140.21,LowValue
16173,1418.32,LowValue
16174,1009.5500000000001,LowValue
16175,1037.59,LowValue
16177,331.95,LowValue
16178,197.9,LowValue
16179,215.83,LowValue
16180,10254.18,HighValue
16181,305.54,LowValue
16182,6617.65,HighValue
16183,338.71000000000004,LowValue
16184,1158.79,LowValue
16185,529.41,LowValue
16186,4006.94,HighValue
16187,6911.4400000000005,HighValue
16188,981.86,LowValue
16189,215.48,LowValue
16190,215.08,LowValue
16191,5180.52,HighValue
16193,314.45,LowValue
16198,400.68100000000004,LowValue
16200,1080.6200000000001,LowValue
16201,1863.47,HighValue
16202,365.27,LowValue
16203,592.9,LowValue
16204,405.71,LowValue
16205,761.38,LowValue
16206,537.0600000000001,LowValue
16207,394.38,LowValue
16208,664.26,LowValue
16209,2262.62,HighValue
16210,21086.3,HighValue
16211,547.02,LowValue
16212,690.34,LowValue
16213,159.0,LowValue
16214,1062.75,LowValue
16215,242.35,LowValue
16216,914.9300000000001,LowValue
16217,304.25,LowValue
16218,3084.68,HighValue
16221,864.86,LowValue
16222,846.72,LowValue
16224,1295.3,LowValue
16225,1096.32,LowValue
16226,255.12,LowValue
16227,314.22,LowValue
16229,1010.6,LowValue
16230,542.03,LowValue
16232,990.88,LowValue
16233,536.6800000000001,LowValue
16235,867.31,LowValue
16236,432.2,LowValue
16239,414.2,LowValue
16240,3718.8,HighValue
16241,2607.87,HighValue
16242,3603.21,HighValue
16243,409.1,LowValue
16244,1522.75,LowValue
16245,1413.66,LowValue
16247,114.56,LowValue
16248,152.94,LowValue
16249,1800.07,HighValue
16250,389.44,LowValue
16253,3683.86,HighValue
16255,2619.91,HighValue
16256,752.4300000000001,LowValue
16257,46.95,LowValue
16258,5203.51,HighValue
16260,1035.45,LowValue
16261,746.83,LowValue
16265,5447.0,HighValue
16266,861.89,LowValue
16268,667.65,LowValue
16270,1141.24,LowValue
16271,1429.24,LowValue
16272,411.7,LowValue
16274,357.95,LowValue
16275,559.87,LowValue
16276,810.6000000000001,LowValue
16278,566.38,LowValue
16279,1509.58,LowValue
16281,2062.06,HighValue
16282,168.3,LowValue
16283,1570.81,LowValue
16284,823.97,LowValue
16287,142.5,LowValue
16292,302.25,LowValue
16293,2248.9900000000002,HighValue
16295,1328.55,LowValue
16297,301.9,LowValue
16298,598.2,LowValue
16302,233.22,LowValue
16303,5360.63,HighValue
16305,361.21999999999997,LowValue
16306,632.27,LowValue
16308,2560.0,HighValue
16309,706.57,LowValue
16311,616.26,LowValue
16313,274.15000000000003,LowValue
16315,226.37,LowValue
16316,2938.91,HighValue
16317,1341.65,LowValue
16318,328.15,LowValue
16319,404.40000000000003,LowValue
16320,1038.46,LowValue
16321,373.65000000000003,LowValue
16322,326.75,LowValue
16323,207.50000000000003,LowValue
16324,428.68,LowValue
16325,594.24,LowValue
16326,3110.96,HighValue
16327,3844.22,HighValue
16330,251.91,LowValue
16332,1593.2,LowValue
16333,26626.8,HighValue
16337,151.05,LowValue
16338,214.79999999999998,LowValue
16339,109.95,LowValue
16340,549.07,LowValue
16341,1971.87,HighValue
16342,322.41,LowValue
16343,370.47999999999996,LowValue
16344,101.10000000000001,LowValue
16345,575.41,LowValue
16347,887.65,LowValue
16348,1469.45,LowValue
16349,53.5,LowValue
16350,1116.47,LowValue
16351,153.9,LowValue
16352,494.44,LowValue
16353,6675.71,HighValue
16354,395.8,LowValue
16356,211.77,LowValue
16357,658.88,LowValue
16358,2027.5,HighValue
16359,1750.92,HighValue
16360,3512.53,HighValue
16361,896.66,LowValue
16362,734.77,LowValue
16363,109.36000000000001,LowValue
16364,707.04,LowValue
16365,1540.42,LowValue
16366,327.3,LowValue
16367,804.49,LowValue
16368,497.43,LowValue
16369,1553.66,LowValue
16370,1320.56,LowValue
16372,367.93,LowValue
16374,473.03000000000003,LowValue
16376,987.01,LowValue
16377,676.2,LowValue
16378,362.95,LowValue
16379,2157.4,HighValue
16380,1780.59,HighValue
16383,668.36,LowValue
16384,584.5,LowValue
16385,555.89,LowValue
16386,317.2,LowValue
16387,94.36,LowValue
16389,1382.07,LowValue
16392,221.19,LowValue
16393,3046.21,HighValue
16394,1555.34,LowValue
16395,1486.9,LowValue
16398,1705.8,HighValue
16399,408.57,LowValue
16400,303.93,LowValue
16401,4098.32,HighValue
16402,299.6,LowValue
16403,177.5,LowValue
16404,443.05,LowValue
16405,167.25,LowValue
16406,163.07,LowValue
16407,2126.93,HighValue
16409,2028.88,HighValue
16411,214.65,LowValue
16412,151.83,LowValue
16413,262.2,LowValue
16414,126.25,LowValue
16415,210.35,LowValue
16416,1051.4,LowValue
16418,675.27,LowValue
16419,972.23,LowValue
16422,34684.4,HighValue
16423,346.12,LowValue
16424,133.56,LowValue
16425,302.7,LowValue
16426,1908.25,HighValue
16427,241.06,LowValue
16429,284.55,LowValue
16430,300.85,LowValue
16431,642.81,LowValue
16432,287.4,LowValue
16433,184.26,LowValue
16434,1522.25,LowValue
16438,798.35,LowValue
16440,3640.67,HighValue
16441,381.2,LowValue
16442,616.79,LowValue
16444,654.67,LowValue
16445,230.51,LowValue
16446,168472.5,HighValue
16447,259.01,LowValue
16448,188.89000000000001,LowValue
16449,707.69,LowValue
16450,311.92,LowValue
16451,266.97,LowValue
16454,6.9,LowValue
16455,1841.18,HighValue
16456,2158.37,HighValue
16457,208.36,LowValue
16458,3482.7400000000002,HighValue
16460,814.72,LowValue
16461,151.42,LowValue
16462,136.0,LowValue
16463,1422.4,LowValue
16464,1314.68,LowValue
16466,1603.46,LowValue
16468,74.9,LowValue
16469,650.43,LowValue
16470,762.39,LowValue
16471,223.95000000000002,LowValue
16473,316.11,LowValue
16474,1871.5,HighValue
16475,544.3,LowValue
16477,2494.46,HighValue
16478,331.0,LowValue
16479,300.83,LowValue
16480,769.29,LowValue
16482,220.62,LowValue
16483,139.35,LowValue
16484,404.3,LowValue
16485,363.65,LowValue
16488,498.8,LowValue
16491,731.5,LowValue
16493,1351.63,LowValue
16494,826.53,LowValue
16495,684.41,LowValue
16496,1599.52,LowValue
16497,2965.69,HighValue
16498,100.97,LowValue
16499,365.45,LowValue
16500,400.86,LowValue
16503,1431.93,LowValue
16504,484.38,LowValue
16505,777.6,LowValue
16506,90.30000000000001,LowValue
16509,363.7,LowValue
16510,248.1,LowValue
16511,950.26,LowValue
16513,874.59,LowValue
16515,1627.13,LowValue
16516,101.69999999999999,LowValue
16517,162.7,LowValue
16518,484.32,LowValue
16519,215.07999999999998,LowValue
16520,1046.57,LowValue
16523,9418.470000000001,HighValue
16525,13027.45,HighValue
16526,290.36,LowValue
16527,228.06,LowValue
16528,244.41,LowValue
16529,455.25,LowValue
16531,1244.59,LowValue
16532,6748.8,HighValue
16533,1095.56,LowValue
16535,593.75,LowValue
16536,548.97,LowValue
16539,1388.81,LowValue
16542,119.62,LowValue
16545,339.3,LowValue
16546,787.15,LowValue
16549,4154.64,HighValue
16550,2298.97,HighValue
16551,922.12,LowValue
16552,379.73,LowValue
16553,5719.82,HighValue
16554,837.1,LowValue
16555,285.89,LowValue
16556,3313.79,HighValue
16557,281.85,LowValue
16558,8338.49,HighValue
16560,841.41,LowValue
16561,511.12,LowValue
16563,1077.74,LowValue
16565,173.7,LowValue
16566,614.66,LowValue
16567,865.6,LowValue
16569,124.2,LowValue
16570,3738.4,HighValue
16571,1421.69,LowValue
16572,1009.6,LowValue
16573,663.61,LowValue
16574,451.44,LowValue
16581,105.84,LowValue
16582,313.62,LowValue
16583,233.45,LowValue
16584,936.08,LowValue
16586,463.95,LowValue
16587,225.15,LowValue
16589,459.24,LowValue
16591,213.5,LowValue
16592,4113.68,HighValue
16593,330.03,LowValue
16594,181.09,LowValue
16595,360.16,LowValue
16596,250.15,LowValue
16597,90.04,LowValue
16598,145.04999999999998,LowValue
16600,813.52,LowValue
16601,244.79999999999998,LowValue
16602,528.08,LowValue
16603,482.47,LowValue
16607,3347.71,HighValue
16609,5493.46,HighValue
16610,75.66,LowValue
16611,129.49,LowValue
16612,1187.66,LowValue
16613,618.59,LowValue
16614,506.19,LowValue
16616,500.42,LowValue
16617,151.85,LowValue
16618,2647.59,HighValue
16619,226.21,LowValue
16620,178.96,LowValue
16621,813.48,LowValue
16623,129.45,LowValue
16624,810.5699999999999,LowValue
16625,333.08,LowValue
16626,4413.1,HighValue
16627,322.8,LowValue
16628,2188.05,HighValue
16629,417.73,LowValue
16633,2883.1,HighValue
16634,217.9,LowValue
16637,1154.47,LowValue
16638,1680.72,HighValue
16639,1257.51,LowValue
16641,231.10000000000002,LowValue
16642,688.33,LowValue
16643,487.51,LowValue
16644,833.78,LowValue
16647,214.06,LowValue
16648,290.65999999999997,LowValue
16650,518.42,LowValue
16652,6773.97,HighValue
16653,1212.66,LowValue
16654,601.27,LowValue
16655,3794.52,HighValue
16656,8625.8,HighValue
16657,933.62,LowValue
16658,123.24,LowValue
16659,39.12,LowValue
16660,1267.6499999999999,LowValue
16665,135.39999999999998,LowValue
16666,118.98,LowValue
16667,570.13,LowValue
16668,306.71999999999997,LowValue
16669,1374.8700000000001,LowValue
16670,4095.9,HighValue
16671,1692.27,HighValue
16672,8134.9400000000005,HighValue
16674,319.61,LowValue
16676,1592.1200000000001,LowValue
16678,3109.99,HighValue
16679,129.75,LowValue
16680,183.7,LowValue
16681,1770.34,HighValue
16682,1028.0,LowValue
16684,66653.56,HighValue
16685,324.24,LowValue
16686,3062.83,HighValue
16688,1260.86,LowValue
16689,422.59999999999997,LowValue
16690,225.57999999999998,LowValue
16692,1276.0,LowValue
16693,482.01,LowValue
16696,657.9000000000001,LowValue
16697,112.75,LowValue
16698,1998.0,HighValue
16700,5076.55,HighValue
16701,5398.3,HighValue
16705,14034.99,HighValue
16706,531.35,LowValue
16708,656.63,LowValue
16709,3029.87,HighValue
16710,2483.04,HighValue
16711,1651.03,LowValue
16712,3645.43,HighValue
16713,6923.13,HighValue
16714,1161.53,LowValue
16715,301.71999999999997,LowValue
16716,901.2,LowValue
16717,3858.38,HighValue
16718,623.75,LowValue
16719,1790.42,HighValue
16720,155.24,LowValue
16721,292.47,LowValue
16722,4730.81,HighValue
16723,589.15,LowValue
16725,781.02,LowValue
16726,1382.02,LowValue
16727,272.82,LowValue
16728,1054.67,LowValue
16729,7239.92,HighValue
16730,743.11,LowValue
16732,603.75,LowValue
16734,650.51,LowValue
16735,2300.56,HighValue
16737,417.59999999999997,LowValue
16738,3.75,LowValue
16739,323.0,LowValue
16742,464.9,LowValue
16743,2238.09,HighValue
16744,1304.76,LowValue
16745,7194.3,HighValue
16746,6697.66,HighValue
16747,836.06,LowValue
16748,1515.9,LowValue
16750,623.93,LowValue
16751,1764.72,HighValue
16752,207.5,LowValue
16753,223.92000000000002,LowValue
16754,2002.4,HighValue
16755,1496.83,LowValue
16756,239.4,LowValue
16757,106.83000000000001,LowValue
16758,369.34000000000003,LowValue
16759,789.79,LowValue
16761,316.62,LowValue
16762,1501.38,LowValue
16763,611.85,LowValue
16764,2799.25,HighValue
16765,34.0,LowValue
16766,1145.6,LowValue
16767,5580.6,HighValue
16768,478.09000000000003,LowValue
16769,380.39,LowValue
16770,770.1,LowValue
16771,2246.81,HighValue
16773,171.59,LowValue
16774,661.52,LowValue
16775,1695.66,HighValue
16776,388.28,LowValue
16777,226.35,LowValue
16778,245.94,LowValue
16779,10629.720000000001,HighValue
16780,425.19,LowValue
16781,311.25,LowValue
16782,2279.9,HighValue
16784,107.6,LowValue
16788,597.48,LowValue
16789,80.8,LowValue
16790,1545.6200000000001,LowValue
16791,1721.78,HighValue
16792,110.38000000000001,LowValue
16793,243.84,LowValue
16794,1222.71,LowValue
16795,414.88,LowValue
16796,305.62,LowValue
16800,1201.49,LowValue
16801,1619.73,LowValue
16803,332.3,LowValue
16804,536.99,LowValue
16805,460.59,LowValue
16806,801.49,LowValue
16807,1121.59,LowValue
16808,288.42,LowValue
16809,914.69,LowValue
16810,309.54,LowValue
16811,547.07,LowValue
16812,479.35,LowValue
16813,1692.98,HighValue
16814,6509.1,HighValue
16816,417.06,LowValue
16817,1604.75,LowValue
16818,3349.57,HighValue
16820,497.61,LowValue
16823,358.38,LowValue
16824,460.64,LowValue
16825,775.1800000000001,LowValue
16826,341.7,LowValue
16828,128.5,LowValue
16829,197.22,LowValue
16830,325.91,LowValue
16832,199.15,LowValue
16833,1106.53,LowValue
16834,413.46,LowValue
16835,180.85,LowValue
16836,251.87,LowValue
16837,3170.98,HighValue
16838,588.85,LowValue
16839,16594.35,HighValue
16841,1869.82,HighValue
16842,1264.19,LowValue
16843,10196.57,HighValue
16846,214.32,LowValue
16847,193.44,LowValue
16848,281.42,LowValue
16849,124.57,LowValue
16850,332.41,LowValue
16851,342.45,LowValue
16852,144.91000000000003,LowValue
16855,328.4,LowValue
16856,35.400000000000006,LowValue
16858,375.69000000000005,LowValue
16859,747.81,LowValue
16861,173.76,LowValue
16863,502.8,LowValue
16866,207.73999999999998,LowValue
16869,825.42,LowValue
16871,2812.34,HighValue
16872,680.02,LowValue
16873,7123.62,HighValue
16875,2095.53,HighValue
16877,853.72,LowValue
16878,13.3,LowValue
16880,1519.08,LowValue
16881,432.0,LowValue
16882,705.12,LowValue
16883,276.73,LowValue
16884,429.84000000000003,LowValue
16885,471.51,LowValue
16887,194.88,LowValue
16889,1578.67,LowValue
16891,809.7,LowValue
16892,525.54,LowValue
16893,145.93,LowValue
16895,219.14,LowValue
16897,289.78,LowValue
16898,508.81,LowValue
16899,1281.56,LowValue
16900,887.11,LowValue
16902,1706.88,HighValue
16903,373.24,LowValue
16904,3754.27,HighValue
16905,3102.43,HighValue
16906,579.77,LowValue
16907,981.65,LowValue
16909,379.14,LowValue
16910,1510.06,LowValue
16912,2575.38,HighValue
16913,113.44,LowValue
16914,208.46,LowValue
16915,621.6800000000001,LowValue
16916,576.26,LowValue
16917,391.52,LowValue
16918,1068.82,LowValue
16919,2596.45,HighValue
16921,169.79,LowValue
16923,7247.61,HighValue
16924,846.75,LowValue
16926,230.25,LowValue
16927,543.05,LowValue
16928,2847.6,HighValue
16929,1295.39,LowValue
16930,380.55,LowValue
16931,4604.22,HighValue
16932,161.94,LowValue
16933,563.23,LowValue
16934,950.9300000000001,LowValue
16936,262.68,LowValue
16938,2736.38,HighValue
16940,3049.88,HighValue
16942,1920.59,HighValue
16943,816.73,LowValue
16945,4345.5,HighValue
16947,406.48,LowValue
16948,435.02,LowValue
16949,1286.27,LowValue
16950,1178.56,LowValue
16951,1277.75,LowValue
16952,167.61,LowValue
16953,20.8,LowValue
16954,2085.08,HighValue
16955,518.67,LowValue
16956,308.74,LowValue
16957,416.64,LowValue
16959,117.35000000000001,LowValue
16960,507.05,LowValue
16961,234.17,LowValue
16963,110.55000000000001,LowValue
16965,201.19,LowValue
16966,2154.97,HighValue
16967,319.02,LowValue
16968,439.43,LowValue
16969,650.41,LowValue
16971,357.21,LowValue
16976,251.51999999999998,LowValue
16978,344.33,LowValue
16979,1852.0,HighValue
16980,1078.96,LowValue
16982,384.06,LowValue
16983,1931.25,HighValue
16984,4481.35,HighValue
16985,5464.12,HighValue
16986,1873.2,HighValue
16987,1625.05,LowValue
16988,126.12,LowValue
16989,1133.25,LowValue
16990,179.0,LowValue
16992,1614.31,LowValue
16996,1456.96,LowValue
16997,702.0,LowValue
16998,295.0,LowValue
16999,484.82,LowValue
17001,3989.57,HighValue
17002,1493.73,LowValue
17004,1412.94,LowValue
17006,781.78,LowValue
17007,889.9300000000001,LowValue
17010,195.36,LowValue
17011,270.9,LowValue
17014,586.33,LowValue
17015,1842.56,HighValue
17017,8694.26,HighValue
17018,920.1,LowValue
17019,1272.61,LowValue
17022,71.0,LowValue
17024,95.85,LowValue
17025,357.77,LowValue
17026,154.82999999999998,LowValue
17027,890.29,LowValue
17029,716.0,LowValue
17030,146.87,LowValue
17031,380.35,LowValue
17033,1030.14,LowValue
17034,745.52,LowValue
17035,433.53000000000003,LowValue
17037,1267.32,LowValue
17038,112.4,LowValue
17040,449.73,LowValue
17041,1081.57,LowValue
17042,1044.3799999999999,LowValue
17043,1735.18,HighValue
17044,948.48,LowValue
17045,339.44,LowValue
17046,642.02,LowValue
17047,1100.9,LowValue
17048,925.35,LowValue
17049,5659.9800000000005,HighValue
17050,3228.84,HighValue
17051,247.14000000000001,LowValue
17052,413.75,LowValue
17053,498.48,LowValue
17054,1356.33,LowValue
17058,1179.89,LowValue
17059,3095.04,HighValue
17060,234.24,LowValue
17061,5232.2300000000005,HighValue
17062,538.37,LowValue
17063,1461.14,LowValue
17064,859.35,LowValue
17068,4552.14,HighValue
17069,2709.7000000000003,HighValue
17070,312.14,LowValue
17071,2429.03,HighValue
17073,1446.09,LowValue
17075,834.12,LowValue
17076,841.0799999999999,LowValue
17078,378.2,LowValue
17079,118.80000000000001,LowValue
17080,287.62,LowValue
17081,290.16,LowValue
17082,2003.85,HighValue
17083,1405.78,LowValue
17084,2949.75,HighValue
17085,1566.65,LowValue
17086,2050.08,HighValue
17088,1991.01,HighValue
17090,2043.95,HighValue
17091,3827.76,HighValue
17092,1777.78,HighValue
17094,302.0,LowValue
17095,1324.16,LowValue
17096,1022.13,LowValue
17097,954.42,LowValue
17100,971.74,LowValue
17101,1621.73,LowValue
17102,25.5,LowValue
17105,665.78,LowValue
17107,10815.43,HighValue
17109,885.04,LowValue
17110,163.29999999999998,LowValue
17111,248.61,LowValue
17114,808.62,LowValue
17115,837.5,LowValue
17117,116.19999999999999,LowValue
17118,157.02,LowValue
17119,606.91,LowValue
17120,307.46,LowValue
17122,138.32,LowValue
17123,345.29999999999995,LowValue
17124,298.89,LowValue
17125,259.35,LowValue
17126,1004.75,LowValue
17128,157.09,LowValue
17131,2463.17,HighValue
17133,4892.240000000001,HighValue
17134,425.0,LowValue
17135,1139.73,LowValue
17138,380.5,LowValue
17139,10668.47,HighValue
17140,465.32,LowValue
17142,579.0,LowValue
17144,984.57,LowValue
17146,749.78,LowValue
17147,1714.59,HighValue
17148,124.88,LowValue
17152,1689.5,HighValue
17153,213.78,LowValue
17154,329.34,LowValue
17155,251.70000000000002,LowValue
17157,319.0,LowValue
17158,1266.97,LowValue
17159,1538.88,LowValue
17160,3518.03,HighValue
17162,1715.46,HighValue
17163,293.1,LowValue
17164,2467.35,HighValue
17165,158.68,LowValue
17166,206.34,LowValue
17169,835.78,LowValue
17171,224.91,LowValue
17172,317.76,LowValue
17173,3766.6,HighValue
17174,59.9,LowValue
17175,1443.69,LowValue
17176,306.13,LowValue
17179,711.79,LowValue
17180,796.03,LowValue
17181,239.92000000000002,LowValue
17183,3347.31,HighValue
17186,144.0,LowValue
17187,203.95,LowValue
17188,2474.23,HighValue
17189,384.40000000000003,LowValue
17190,444.74,LowValue
17191,2095.13,HighValue
17193,1699.3000000000002,HighValue
17194,262.62,LowValue
17197,1013.01,LowValue
17198,692.22,LowValue
17201,342.63,LowValue
17203,3563.85,HighValue
17204,1564.56,LowValue
17205,384.08,LowValue
17206,204.24,LowValue
17211,2317.2200000000003,HighValue
17212,226.85,LowValue
17213,2781.23,HighValue
17214,1069.1200000000001,LowValue
17217,113.5,LowValue
17218,1960.72,HighValue
17219,114.23,LowValue
17220,3198.25,HighValue
17221,335.13,LowValue
17222,354.15,LowValue
17223,426.79,LowValue
17226,393.49,LowValue
17227,939.32,LowValue
17228,1906.09,HighValue
17229,318.76,LowValue
17230,3638.41,HighValue
17231,3174.32,HighValue
17232,421.52,LowValue
17233,190.88,LowValue
17234,149.89000000000001,LowValue
17235,550.06,LowValue
17236,916.13,LowValue
17237,314.69,LowValue
17238,3744.65,HighValue
17239,382.5,LowValue
17242,1135.04,LowValue
17243,8676.85,HighValue
17244,954.9,LowValue
17245,171.45,LowValue
17247,282.19,LowValue
17248,318.65,LowValue
17250,384.52,LowValue
17251,283.28000000000003,LowValue
17252,353.86,LowValue
17253,178.26,LowValue
17254,272.44,LowValue
17255,298.41,LowValue
17256,240.0,LowValue
17259,603.37,LowValue
17262,1253.3600000000001,LowValue
17263,63.440000000000005,LowValue
17265,562.9,LowValue
17266,310.64,LowValue
17267,317.62,LowValue
17268,763.64,LowValue
17272,2148.63,HighValue
17274,111.97999999999999,LowValue
17277,1065.3500000000001,LowValue
17278,246.04,LowValue
17279,187.82999999999998,LowValue
17282,1703.41,HighValue
17284,1652.58,LowValue
17286,153.92,LowValue
17287,1064.11,LowValue
17288,1419.73,LowValue
17289,944.41,LowValue
17290,525.24,LowValue
17291,550.8000000000001,LowValue
17293,1875.1100000000001,HighValue
17295,556.95,LowValue
17297,131.78,LowValue
17298,498.42,LowValue
17299,669.11,LowValue
17301,197.63,LowValue
17302,1135.63,LowValue
17303,250.04,LowValue
17306,8631.31,HighValue
17309,82.75,LowValue
17311,1384.85,LowValue
17312,644.3,LowValue
17313,2328.84,HighValue
17314,2527.92,HighValue
17315,6292.26,HighValue
17317,2600.34,HighValue
17320,1200.6200000000001,LowValue
17321,700.86,LowValue
17323,921.07,LowValue
17324,990.23,LowValue
17325,96.8,LowValue
17329,523.11,LowValue
17330,363.9,LowValue
17331,175.2,LowValue
17333,494.25,LowValue
17334,307.02,LowValue
17337,2027.8700000000001,HighValue
17338,6643.93,HighValue
17339,243.36,LowValue
17340,12353.29,HighValue
17341,781.36,LowValue
17343,193.64,LowValue
17344,160.57,LowValue
17345,537.74,LowValue
17346,2676.56,HighValue
17347,228.96,LowValue
17348,1159.52,LowValue
17349,110.75,LowValue
17350,1286.07,LowValue
17351,587.15,LowValue
17353,1740.0,HighValue
17354,1393.06,LowValue
17356,178.22,LowValue
17357,388.14,LowValue
17358,365.85,LowValue
17359,127.86,LowValue
17360,585.79,LowValue
17361,488.2,LowValue
17362,312.23,LowValue
17364,4481.18,HighValue
17365,4801.56,HighValue
17367,168.4,LowValue
17368,1912.67,HighValue
17370,446.18,LowValue
17371,423.89,LowValue
17372,1342.68,LowValue
17373,646.92,LowValue
17374,495.77,LowValue
17375,400.1,LowValue
17376,203.2,LowValue
17377,4100.92,HighValue
17379,404.66,LowValue
17381,20275.61,HighValue
17382,65.4,LowValue
17383,199.29,LowValue
17384,336.4,LowValue
17385,261.11,LowValue
17386,2686.42,HighValue
17387,784.11,LowValue
17388,1259.56,LowValue
17389,31833.68,HighValue
17391,508.8,LowValue
17392,457.91,LowValue
17394,203.86999999999998,LowValue
17396,7330.8,HighValue
17397,696.41,LowValue
17398,653.38,LowValue
17400,2129.96,HighValue
17402,2633.85,HighValue
17403,281.62,LowValue
17404,31906.82,HighValue
17405,1031.41,LowValue
17406,2200.42,HighValue
17408,32.65,LowValue
17409,771.85,LowValue
17410,1214.72,LowValue
17411,778.94,LowValue
17412,1258.06,LowValue
17414,778.0,LowValue
17415,507.84,LowValue
17416,6893.42,HighValue
17418,463.46000000000004,LowValue
17419,4226.57,HighValue
17420,598.83,LowValue
17422,1979.37,HighValue
17423,698.41,LowValue
17425,759.17,LowValue
17426,5037.26,HighValue
17427,100.8,LowValue
17428,17256.85,HighValue
17429,524.9200000000001,LowValue
17430,265.76,LowValue
17431,403.3,LowValue
17432,365.76,LowValue
17433,303.15999999999997,LowValue
17434,2373.82,HighValue
17436,216.29999999999998,LowValue
17438,388.45000000000005,LowValue
17440,186.42000000000002,LowValue
17442,2248.56,HighValue
17443,534.24,LowValue
17444,2940.04,HighValue
17446,120.9,LowValue
17447,541.53,LowValue
17449,2520.86,HighValue
17450,194550.79,HighValue
17451,1721.4,HighValue
17453,486.71999999999997,LowValue
17454,517.53,LowValue
17455,131.7,LowValue
17456,249.86,LowValue
17457,1737.7,HighValue
17458,316.5,LowValue
17459,657.3,LowValue
17460,622.4300000000001,LowValue
17461,757.46,LowValue
17462,675.69,LowValue
17463,1896.41,HighValue
17464,289.96000000000004,LowValue
17466,763.28,LowValue
17468,137.0,LowValue
17469,1870.97,HighValue
17470,1125.07,LowValue
17472,710.29,LowValue
17475,194.37,LowValue
17480,511.82,LowValue
17481,1255.59,LowValue
17483,414.04,LowValue
17486,396.87,LowValue
17489,376.64,LowValue
17490,2092.32,HighValue
17491,3558.87,HighValue
17492,374.57,LowValue
17495,497.56,LowValue
17496,271.05,LowValue
17498,272.22,LowValue
17499,622.88,LowValue
17500,1138.0,LowValue
17501,288.6,LowValue
17502,689.1,LowValue
17503,558.96,LowValue
17504,2997.0299999999997,HighValue
17505,1145.84,LowValue
17506,302.2,LowValue
17507,605.58,LowValue
17508,387.31,LowValue
17509,6115.14,HighValue
17510,308.48,LowValue
17511,91062.38,HighValue
17512,2924.9900000000002,HighValue
17513,513.2,LowValue
17514,208.65,LowValue
17515,639.02,LowValue
17516,768.08,LowValue
17517,153.94,LowValue
17519,1844.02,HighValue
17520,546.81,LowValue
17521,723.2099999999999,LowValue
17522,1070.71,LowValue
17523,652.74,LowValue
17524,145.0,LowValue
17525,422.70000000000005,LowValue
17526,1195.8999999999999,LowValue
17527,939.37,LowValue
17528,3628.5,HighValue
17530,2385.0,HighValue
17531,296.7,LowValue
17534,223.36,LowValue
17535,164.4,LowValue
17536,76.5,LowValue
17537,897.62,LowValue
17538,98.42,LowValue
17540,578.9,LowValue
17542,170.75,LowValue
17545,645.96,LowValue
17548,103.3,LowValue
17549,148.86,LowValue
17550,267.16,LowValue
17551,306.84,LowValue
17552,930.41,LowValue
17553,1487.6,LowValue
17554,1952.45,HighValue
17555,483.26,LowValue
17556,157.9,LowValue
17557,541.46,LowValue
17560,854.95,LowValue
17561,167.62,LowValue
17562,1122.38,LowValue
17564,454.01,LowValue
17566,901.21,LowValue
17567,4331.48,HighValue
17569,344.14,LowValue
17571,1498.51,LowValue
17572,226.75000000000003,LowValue
17573,380.6,LowValue
17574,185.65,LowValue
17576,3622.68,HighValue
17578,143.45999999999998,LowValue
17579,448.90000000000003,LowValue
17580,215.72,LowValue
17581,11045.04,HighValue
17582,175.27,LowValue
17584,1242.3,LowValue
17585,1133.07,LowValue
17588,1240.2,LowValue
17589,2404.17,HighValue
17590,1479.22,LowValue
17591,2225.9700000000003,HighValue
17593,3927.34,HighValue
17594,993.18,LowValue
17595,388.79,LowValue
17596,2827.93,HighValue
17597,2044.3700000000001,HighValue
17600,161.67000000000002,LowValue
17601,116.00999999999999,LowValue
17602,5102.97,HighValue
17603,394.72,LowValue
17604,309.36,LowValue
17608,193.42,LowValue
17609,1112.22,LowValue
17611,3984.22,HighValue
17612,2048.45,HighValue
17613,4559.150000000001,HighValue
17614,390.07,LowValue
17615,329.6,LowValue
17616,571.1999999999999,LowValue
17618,971.58,LowValue
17619,218.52,LowValue
17620,81.44,LowValue
17621,1379.9,LowValue
17623,527.0500000000001,LowValue
17624,843.48,LowValue
17625,2047.0,HighValue
17628,75.75,LowValue
17629,1814.12,HighValue
17630,503.59999999999997,LowValue
17631,528.33,LowValue
17633,1324.84,LowValue
17634,2361.9700000000003,HighValue
17636,285.56,LowValue
17637,547.0600000000001,LowValue
17639,108.5,LowValue
17640,621.66,LowValue
17642,712.29,LowValue
17643,101.55,LowValue
17644,2895.64,HighValue
17646,1008.39,LowValue
17647,133.06,LowValue
17648,1797.5,HighValue
17649,868.49,LowValue
17650,166.08,LowValue
17651,3945.0,HighValue
17652,4867.72,HighValue
17653,1207.56,LowValue
17654,117.55,LowValue
17655,2638.94,HighValue
17656,1674.69,HighValue
17658,595.42,LowValue
17659,2999.46,HighValue
17660,196.0,LowValue
17663,1802.91,HighValue
17664,604.64,LowValue
17666,728.16,LowValue
17667,2055.51,HighValue
17668,347.75,LowValue
17669,3406.7200000000003,HighValue
17670,205.7,LowValue
17671,1572.71,LowValue
17672,3178.17,HighValue
17673,1629.12,LowValue
17674,551.04,LowValue
17675,20374.28,HighValue
17676,1387.68,LowValue
17677,16363.23,HighValue
17678,298.11,LowValue
17679,1992.1100000000001,HighValue
17680,184.4,LowValue
17682,2474.33,HighValue
17684,239.41,LowValue
17685,3191.53,HighValue
17686,5739.46,HighValue
17690,4757.95,HighValue
17691,290.40000000000003,LowValue
17692,740.9399999999999,LowValue
17693,200.47,LowValue
17694,283.12,LowValue
17695,765.34,LowValue
17696,2285.71,HighValue
17697,338.95,LowValue
17698,154.95,LowValue
17700,2534.64,HighValue
17701,417.95,LowValue
17702,1824.37,HighValue
17703,798.74,LowValue
17704,885.19,LowValue
17705,1823.52,HighValue
17706,10504.49,HighValue
17707,152.4,LowValue
17708,267.08,LowValue
17709,137.45,LowValue
17711,385.1,LowValue
17712,522.91,LowValue
17714,153.0,LowValue
17715,326.4,LowValue
17716,5655.99,HighValue
17718,139.35,LowValue
17719,5396.04,HighValue
17720,1195.94,LowValue
17722,2424.04,HighValue
17723,3276.4000000000005,HighValue
17724,1033.0,LowValue
17725,3439.08,HighValue
17727,1060.25,LowValue
17728,2876.01,HighValue
17730,5298.4800000000005,HighValue
17731,1240.11,LowValue
17732,303.97,LowValue
17733,692.19,LowValue
17734,700.63,LowValue
17735,13110.02,HighValue
17736,377.44,LowValue
17737,168.24,LowValue
17738,1879.05,HighValue
17739,2791.35,HighValue
17742,355.11,LowValue
17744,2322.4,HighValue
17746,110.25,LowValue
17747,71.4,LowValue
17749,674.52,LowValue
17750,1797.57,HighValue
17752,80.64,LowValue
17754,1772.26,HighValue
17757,5605.29,HighValue
17758,3456.7000000000003,HighValue
17759,834.99,LowValue
17760,287.59,LowValue
17761,712.78,LowValue
17763,15.0,LowValue
17764,818.8199999999999,LowValue
17765,371.88,LowValue
17767,271.2,LowValue
17768,2273.1800000000003,HighValue
17769,3997.98,HighValue
17770,1143.27,LowValue
17771,245.81,LowValue
17772,182.77,LowValue
17774,1225.41,LowValue
17775,56.4,LowValue
17777,665.86,LowValue
17779,658.57,LowValue
17781,188.02,LowValue
17783,283.47,LowValue
17785,131.94,LowValue
17786,278.74,LowValue
17787,1865.19,HighValue
17788,1117.9,LowValue
17789,225.9,LowValue
17790,1965.55,HighValue
17791,106.1,LowValue
17793,323.04,LowValue
17795,350.39,LowValue
17796,697.9,LowValue
17797,780.43,LowValue
17799,3055.93,HighValue
17800,1199.01,LowValue
17802,1285.04,LowValue
17805,512.31,LowValue
17806,546.04,LowValue
17809,5411.91,HighValue
17811,7837.7300000000005,HighValue
17812,732.16,LowValue
17813,1770.8799999999999,HighValue
17816,36.56,LowValue
17817,387.68,LowValue
17819,3704.87,HighValue
17824,298.4,LowValue
17827,1995.46,HighValue
17828,1820.09,HighValue
17829,889.24,LowValue
17830,398.7,LowValue
17831,35.400000000000006,LowValue
17832,155.37,LowValue
17835,350.64,LowValue
17836,110.21000000000001,LowValue
17837,1593.38,LowValue
17838,2779.3,HighValue
17839,338.8,LowValue
17841,40991.57,HighValue
17843,205.48,LowValue
17844,51.559999999999995,LowValue
17846,2033.1,HighValue
17848,901.1999999999999,LowValue
17849,605.8000000000001,LowValue
17850,5391.21,HighValue
17852,114.34,LowValue
17854,311.26,LowValue
17855,208.97,LowValue
17856,1418.03,LowValue
17857,26879.04,HighValue
17858,5155.66,HighValue
17859,148.21,LowValue
17860,252.8,LowValue
17861,2100.8,HighValue
17862,330.9,LowValue
17863,3160.0,HighValue
17864,597.5,LowValue
17865,10526.32,HighValue
17866,329.65,LowValue
17867,1197.1000000000001,LowValue
17869,428.18,LowValue
17870,1894.35,HighValue
17871,155.9,LowValue
17873,1859.16,HighValue
17874,683.46,LowValue
17877,237.61,LowValue
17878,379.45,LowValue
17879,178.51999999999998,LowValue
17880,458.92,LowValue
17881,133.35000000000002,LowValue
17883,671.77,LowValue
17884,717.45,LowValue
17885,190.19,LowValue
17886,899.61,LowValue
17887,111.35,LowValue
17888,726.05,LowValue
17889,203.87,LowValue
17890,602.09,LowValue
17891,203.85999999999999,LowValue
17892,244.1,LowValue
17893,112.25,LowValue
17894,1119.81,LowValue
17895,98.0,LowValue
17896,256.32,LowValue
17897,566.6,LowValue
17898,152.06,LowValue
17899,155.8,LowValue
17900,112.19999999999999,LowValue
17901,110.38,LowValue
17904,191.67,LowValue
17905,800.24,LowValue
17906,72.9,LowValue
17908,243.28,LowValue
17911,366.23,LowValue
17912,311.01,LowValue
17913,411.6,LowValue
17914,336.43,LowValue
17917,341.28,LowValue
17919,1304.04,LowValue
17920,4204.1,HighValue
17921,826.52,LowValue
17923,207.50000000000003,LowValue
17924,2962.5,HighValue
17925,244.08,LowValue
17926,397.29,LowValue
17928,212.54,LowValue
17929,843.0,LowValue
17930,1740.48,HighValue
17931,408.36,LowValue
17932,1331.57,LowValue
17934,704.25,LowValue
17935,145.79,LowValue
17936,389.84,LowValue
17937,4301.22,HighValue
17939,99.14,LowValue
17940,4106.4400000000005,HighValue
17941,304.56,LowValue
17942,77.50000000000001,LowValue
17946,149.57999999999998,LowValue
17947,176.68,LowValue
17948,358.56000000000006,LowValue
17949,58510.48,HighValue
17950,482.2,LowValue
17951,1008.5400000000001,LowValue
17954,2332.72,HighValue
17955,557.3,LowValue
17956,12.75,LowValue
17957,111.68,LowValue
17958,508.4599999999999,LowValue
17960,73.78,LowValue
17961,1296.44,LowValue
17962,102.83,LowValue
17964,471.7,LowValue
17965,2622.57,HighValue
17966,1098.43,LowValue
17967,123.07,LowValue
17968,277.35,LowValue
17969,228.2,LowValue
17970,582.59,LowValue
17972,136.04,LowValue
17973,337.04,LowValue
17974,740.79,LowValue
17975,4488.81,HighValue
17976,353.19,LowValue
17977,288.14,LowValue
17978,300.91999999999996,LowValue
17979,757.71,LowValue
17980,811.45,LowValue
17984,152.68,LowValue
17985,634.95,LowValue
17986,20.8,LowValue
17987,198.57,LowValue
17988,201.12,LowValue
17990,630.84,LowValue
17991,93.35,LowValue
17994,678.49,LowValue
17995,76.1,LowValue
17997,1970.6699999999998,HighValue
17999,382.06,LowValue
18001,417.23,LowValue
18004,169.47,LowValue
18005,249.72,LowValue
18006,444.68,LowValue
18008,2116.19,HighValue
18009,257.34,LowValue
18010,174.8,LowValue
18011,102.78999999999999,LowValue
18013,187.29,LowValue
18014,166.42,LowValue
18015,120.03,LowValue
18016,1483.56,LowValue
18017,523.0,LowValue
18018,122.14,LowValue
18019,38.45,LowValue
18022,668.11,LowValue
18024,389.78,LowValue
18027,115.31,LowValue
18030,230.64999999999998,LowValue
18032,73.5,LowValue
18033,97.97,LowValue
18034,422.88,LowValue
18035,730.4,LowValue
18036,405.62,LowValue
18037,70.02,LowValue
18040,357.20000000000005,LowValue
18041,4183.39,HighValue
18042,165.04999999999998,LowValue
18043,559.51,LowValue
18044,2088.6,HighValue
18045,189.4,LowValue
18048,172.29000000000002,LowValue
18050,74.4,LowValue
18053,300.02,LowValue
18055,6784.1900000000005,HighValue
18056,363.65,LowValue
18058,170.16,LowValue
18059,306.46,LowValue
18061,2119.41,HighValue
18062,720.52,LowValue
18064,814.0,LowValue
18065,2392.83,HighValue
18066,318.0,LowValue
18067,396.33,LowValue
18068,101.69999999999999,LowValue
18069,2036.67,HighValue
18071,453.0,LowValue
18072,247.44,LowValue
18073,3877.5200000000004,HighValue
18074,489.6,LowValue
18075,2611.75,HighValue
18077,2633.0099999999998,HighValue
18078,336.13,LowValue
18079,3651.97,HighValue
18080,1231.5,LowValue
18081,343.45,LowValue
18082,703.37,LowValue
18084,90.47999999999999,LowValue
18085,689.95,LowValue
18086,101.34,LowValue
18087,4055.7199999999993,HighValue
18088,167.67000000000002,LowValue
18092,9068.26,HighValue
18093,2106.52,HighValue
18094,3017.3,HighValue
18095,580.0500000000001,LowValue
18096,911.15,LowValue
18097,2697.8,HighValue
18099,168.31,LowValue
18101,223.65,LowValue
18102,259657.3,HighValue
18104,754.64,LowValue
18105,113.48000000000002,LowValue
18106,430.7,LowValue
18108,271.0,LowValue
18109,8052.97,HighValue
18110,236.3,LowValue
18112,352.69,LowValue
18113,76.32000000000001,LowValue
18114,220.1,LowValue
18116,1418.03,LowValue
18117,320.72,LowValue
18118,5653.82,HighValue
18119,181.12,LowValue
18120,111.15,LowValue
18121,673.1,LowValue
18122,1826.21,HighValue
18123,589.4399999999999,LowValue
18125,1142.99,LowValue
18126,206.82999999999998,LowValue
18127,348.73,LowValue
18129,112.55000000000001,LowValue
18130,1059.39,LowValue
18133,931.4999999999999,LowValue
18135,681.9100000000001,LowValue
18136,784.33,LowValue
18138,152.65,LowValue
18139,8438.34,HighValue
18142,1019.52,LowValue
18143,1000.16,LowValue
18144,2888.75,HighValue
18145,2861.55,HighValue
18146,160.35000000000002,LowValue
18147,179.33999999999997,LowValue
18149,612.0799999999999,LowValue
18150,566.58,LowValue
18151,653.35,LowValue
18154,399.19,LowValue
18155,371.62,LowValue
18156,734.94,LowValue
18158,453.4,LowValue
18159,530.15,LowValue
18160,638.0600000000001,LowValue
18161,1618.69,LowValue
18164,399.65000000000003,LowValue
18165,302.46000000000004,LowValue
18167,1384.8600000000001,LowValue
18168,1169.94,LowValue
18169,202.65,LowValue
18170,980.31,LowValue
18171,1231.31,LowValue
18172,7561.68,HighValue
18173,2106.84,HighValue
18174,104.0,LowValue
18176,476.35,LowValue
18177,1341.42,LowValue
18178,1590.81,LowValue
18179,1793.17,HighValue
18180,1843.75,HighValue
18181,382.8,LowValue
18183,632.07,LowValue
18184,49.8,LowValue
18185,304.25,LowValue
18188,2001.04,HighValue
18189,1090.24,LowValue
18190,284.46000000000004,LowValue
18191,207.79999999999998,LowValue
18192,957.97,LowValue
18193,243.76,LowValue
18194,973.8399999999999,LowValue
18196,689.13,LowValue
18198,5425.56,HighValue
18200,163.8,LowValue
18202,1396.99,LowValue
18203,160.42000000000002,LowValue
18204,1993.7,HighValue
18205,517.36,LowValue
18209,139.10000000000002,LowValue
18210,2621.38,HighValue
18211,600.07,LowValue
18212,248.42,LowValue
18213,232.48000000000002,LowValue
18215,299.34000000000003,LowValue
18216,481.75,LowValue
18217,621.75,LowValue
18218,662.08,LowValue
18219,2069.77,HighValue
18220,305.28000000000003,LowValue
18221,1041.61,LowValue
18222,443.0,LowValue
18223,6484.54,HighValue
18224,158.95000000000002,LowValue
18225,5509.12,HighValue
18226,5228.05,HighValue
18227,93.75,LowValue
18228,779.9,LowValue
18229,7276.900000000001,HighValue
18230,2810.2000000000003,HighValue
18231,2083.27,HighValue
18232,592.97,LowValue
18233,440.0,LowValue
18235,1796.48,HighValue
18236,882.24,LowValue
18237,987.1,LowValue
18239,1561.6100000000001,LowValue
18240,422.58,LowValue
18241,2073.09,HighValue
18242,2232.4900000000002,HighValue
18245,2567.06,HighValue
18246,596.1,LowValue
18248,804.02,LowValue
18249,95.34,LowValue
18250,349.27,LowValue
18251,4314.72,HighValue
18252,526.67,LowValue
18255,103.3,LowValue
18257,2337.63,HighValue
18259,2338.6000000000004,HighValue
18260,2643.2000000000003,HighValue
18261,324.24,LowValue
18262,149.48,LowValue
18263,1213.1599999999999,LowValue
18265,801.51,LowValue
18268,25.5,LowValue
18269,168.6,LowValue
18270,283.15,LowValue
18272,3078.58,HighValue
18273,204.0,LowValue
18274,175.92,LowValue
18276,335.86,LowValue
18277,110.38,LowValue
18278,173.9,LowValue
18280,180.60000000000002,LowValue
18281,80.82,LowValue
18282,178.05,LowValue
18283,2094.88,HighValue
18287,1837.28,HighValue
